Text,Wiki_ID,Wikidata_ID,Source
Léròp,2190,Q46,Wikipedia
Lazi,2123,Q48,Wikipedia
Lanmérik,2082,Q828,Wikipedia
loséyan Atlantik,2160,Q97,Wikipedia
loséyan Pasifik,2163,Q98,Wikipedia
parti,None,Q7278,OpenTapioca
So,None,Q23397,OpenTapioca
Latè,None,Q2,OpenTapioca
Soul,None,Q8684,OpenTapioca
frèt,None,Q24278783,OpenTapioca
van,None,Q686,OpenTapioca
Sibéri,None,Q5428,OpenTapioca
Netherlands,None,Q55,OpenTapioca
NIOZ,None,Q1362890,OpenTapioca
Byen,None,Q31749654,OpenTapioca
Michigan,None,Q1166,OpenTapioca
Létazini,None,Q30,OpenTapioca
Fonn,None,Q31209940,OpenTapioca
Parmi,None,Q54633,OpenTapioca
gen,None,Q5555008,OpenTapioca
Loséyan Atlantik,None,Q97,OpenTapioca
Pasifik,None,Q98,OpenTapioca
Atèsté,None,Q34607,OpenTapioca
Jibralta,None,Q1410,OpenTapioca
Atlant,None,Q97,OpenTapioca
Hérodote,None,Q26825,OpenTapioca
Atlantik,None,Q97,OpenTapioca
Atlas,None,Q130135,OpenTapioca
Lafrik,None,Q15,OpenTapioca
Léròp,None,Q46,OpenTapioca
Lazi,None,Q48,OpenTapioca
Òbò,None,Q973,OpenTapioca
Féroé,None,Q4628,OpenTapioca
LIE,None,Q347,OpenTapioca
Brézil,None,Q155,OpenTapioca
Libérya,None,Q1014,OpenTapioca
Maròk,None,Q1028,OpenTapioca
Arktik,None,Q25322,OpenTapioca
sala,None,Q34442,OpenTapioca
bay,None,Q3715386,OpenTapioca
Mègsik,None,Q96,OpenTapioca
Ensi,None,Q2,OpenTapioca
Karayb,None,Q664609,OpenTapioca
Lanmérik,None,Q828,OpenTapioca
Abò,None,Q38511,OpenTapioca
Nouvèl,None,Q214317,OpenTapioca
Panjé,None,Q4398,OpenTapioca
Lafrans,None,Q142,OpenTapioca
Acores,None,Q25263,OpenTapioca
Açores,None,Q25263,OpenTapioca
rotò,None,Q23397,OpenTapioca
L'Anse aux Meadows,None,Q189113,OpenTapioca
Bojador,None,Q599897,OpenTapioca
Sahara,None,Q40362,OpenTapioca
Gil Eanes,None,Q360391,OpenTapioca
Lenn,None,Q23397,OpenTapioca
Christophe Colomb,None,Q7322,OpenTapioca
Loséyan Endjen,None,Q1239,OpenTapioca
Liran,None,Q794,OpenTapioca
Pakistan,None,Q843,OpenTapioca
Taylann,None,Q869,OpenTapioca
Malézi,None,Q833,OpenTapioca
Java,None,Q3757,OpenTapioca
Lostrali,None,Q408,OpenTapioca
A,None,Q48,OpenTapioca
Loryan,None,Q71724,OpenTapioca
Maldiv,None,Q826,OpenTapioca
Alliance of Small Island States,None,Q496967,OpenTapioca
tèl,None,Q5641096,OpenTapioca
Loséyan Ostral,None,Q7354,OpenTapioca
Men,None,Q724,OpenTapioca
projè,None,Q170584,OpenTapioca
L’OHI,None,Q1043,OpenTapioca
Scotia,None,Q22,OpenTapioca
Haakon VII,None,Q154927,OpenTapioca
Riiser Larsen,None,Q524106,OpenTapioca
Dumont d'Urville,None,Q204735,OpenTapioca
Lanmérik di Sid,None,Q18,OpenTapioca
Arctic,None,Q25322,OpenTapioca
Greenpeace,None,Q81307,OpenTapioca
Loséyanni,2164,Q538,Wikipedia
Loséyan Pasifik,None,Q98,OpenTapioca
Kouril,None,Q80389,OpenTapioca
Filipin,None,Q928,OpenTapioca
Christmas,None,Q19809,OpenTapioca
cho,None,Q27433,OpenTapioca
Away,None,Q782,OpenTapioca
Japon,None,Q17,OpenTapioca
Pacific Tsunami Warning Center,None,Q1201236,OpenTapioca
Pak,None,Q21196,OpenTapioca
vas,None,Q4052620,OpenTapioca
tré,None,Q10884,OpenTapioca
Ségon,None,Q20929,OpenTapioca
kontinan,1993,Q5107,Wikipedia
Latè,2118,Q2,Wikipedia
Lostrali,2156,Q408,Wikipedia
Mikronézi,2255,Q3359409,Wikipedia
Mélanézi,2311,Q37394,Wikipedia
Polinézi,2424,Q35942,Wikipedia
Loséyanni,None,Q538,OpenTapioca
Conrad Malte-Brun,None,Q980235,OpenTapioca
Afrik,None,Q15,OpenTapioca
Azi,None,Q48,OpenTapioca
Amérik,None,Q30,OpenTapioca
Annan,None,Q1254,OpenTapioca
flòr,None,Q55611802,OpenTapioca
trè,None,Q10884,OpenTapioca
Giné,None,Q1006,OpenTapioca
Mélanézi,None,Q37394,OpenTapioca
Ostrali,None,Q408,OpenTapioca
vag,None,Q34442,OpenTapioca
Endonézi,None,Q252,OpenTapioca
lan,None,Q1145155,OpenTapioca
Britanik,None,Q313115,OpenTapioca
Fransèz,None,Q450675,OpenTapioca
plas,None,Q23397,OpenTapioca
Lourougwé,None,Q77,OpenTapioca
Uruguay,None,Q77,OpenTapioca
República Oriental del Uruguay,None,Q77,OpenTapioca
Larjantin,None,Q414,OpenTapioca
Charrúas,None,Q7901448,OpenTapioca
Conquistadores,None,Q1416162,OpenTapioca
Montevideo,None,Q1335,OpenTapioca
José Gervasio Artigas,None,Q252847,OpenTapioca
Provincias Unidas del Rio de la Plata(atchwèlman,None,Q414,OpenTapioca
Kolorado,None,Q1261,OpenTapioca
Fructuoso Rivera,None,Q467976,OpenTapioca
Blancos,None,Q1549793,OpenTapioca
Manuel Oribe,None,Q467987,OpenTapioca
Paraguay,None,Q733,OpenTapioca
Pampa,None,Q184382,OpenTapioca
Cuchilla de Haedo,None,Q1143047,OpenTapioca
Cuchilla Grande,None,Q1143026,OpenTapioca
Cerro Catedral,None,Q1055837,OpenTapioca
Kolin,None,Q365,OpenTapioca
Juan Manuel Blanes,None,Q722644,OpenTapioca
Pedro Figari,None,Q1388990,OpenTapioca
José Belloni,None,Q459935,OpenTapioca
Jaime Roos,None,Q382570,OpenTapioca
Markò,None,Q31966,OpenTapioca
José Enrique Rodó,None,Q734054,OpenTapioca
Horacio Quiroga,None,Q16864,OpenTapioca
Juan Carlos Onetti,None,Q16873,OpenTapioca
Eduardo Galeano,None,Q44575,OpenTapioca
Jorge Majfud,None,Q531360,OpenTapioca
Ludwig van Beethoven,None,Q255,OpenTapioca
Bonn,None,Q586,OpenTapioca
Vienne,None,Q1741,OpenTapioca
Haydn,None,Q7349,OpenTapioca
Mozart,None,Q254,OpenTapioca
Beethoven,None,Q255,OpenTapioca
Mo-a,None,Q49004109,OpenTapioca
vèrb,None,Q1353771,OpenTapioca
atom,None,Q14762425,OpenTapioca
van der Waals,None,Q131721,OpenTapioca
Pa,None,Q1400,OpenTapioca
Lafrik,2035,Q15,Wikipedia
Lafrans,2034,Q142,Wikipedia
Lèspangn,None,Q29,OpenTapioca
J.-K.,None,Q34660,OpenTapioca
J.-K.. Yé,None,Q52707862,OpenTapioca
katolik,None,Q1841,OpenTapioca
Réstorasyon,None,Q207162,OpenTapioca
À,None,Q48,OpenTapioca
Franco,None,Q29179,OpenTapioca
Juan Carlos,None,Q19943,OpenTapioca
Potidjal,None,Q45,OpenTapioca
Galis,None,Q25,OpenTapioca
Sèrten,None,Q212905,OpenTapioca
parti politik,None,Q7278,OpenTapioca
Felipe VI,None,Q191045,OpenTapioca
Congreso de los Diputados,None,Q539149,OpenTapioca
Pedro Sánchez,None,Q6070218,OpenTapioca
Baléares,None,Q5765,OpenTapioca
Ceuta,None,Q5823,OpenTapioca
Melilla,None,Q5831,OpenTapioca
Peñón de Alhucemas,None,Q191697,OpenTapioca
Peñón de Vélez,None,Q191146,OpenTapioca
Gomera,None,Q105967,OpenTapioca
Linyon éropéyen,None,Q458,OpenTapioca
Madrid,None,Q2807,OpenTapioca
Lanmérik laten,None,Q12585,OpenTapioca
machi,None,Q1059478,OpenTapioca
chan,None,Q18712091,OpenTapioca
frwi,1318,Q1364,Wikipedia
Légliz katolik,None,Q9592,OpenTapioca
Légliz,None,Q21,OpenTapioca
Nicé,None,Q33959,OpenTapioca
Rom,None,Q220,OpenTapioca
Pierre,None,Q33923,OpenTapioca
Légliz òrtodòks,None,Q35032,OpenTapioca
òrtodòks,None,Q3333484,OpenTapioca
Jézi,None,Q302,OpenTapioca
Léjip,None,Q79,OpenTapioca
Nijérya,None,Q1033,OpenTapioca
Létchopi,None,Q115,OpenTapioca
Kèro,None,Q85,OpenTapioca
القاهرة,None,Q85,OpenTapioca
al-Qâhira,None,Q85,OpenTapioca
Siwa,None,Q2008735,OpenTapioca
Nil,None,Q3392,OpenTapioca
a(24 km,None,Q815370,OpenTapioca
Fayoum,None,Q30656,OpenTapioca
valé,None,Q28599456,OpenTapioca
Gamal Abdel Nasser,None,Q39524,OpenTapioca
Aïd el-Kebir,None,Q514400,OpenTapioca
Mouled,None,Q193027,OpenTapioca
Nabi,None,Q9458,OpenTapioca
Lanmérik di Sid,2084,Q18,Wikipedia
Lékwatò,None,Q736,OpenTapioca
JK,None,Q145,OpenTapioca
Guayas,None,Q335464,OpenTapioca
Santa Elena,None,Q192184,OpenTapioca
Apré,None,Q1102400,OpenTapioca
Kito,None,Q2900,OpenTapioca
Melchor de Aymerich y Villajuana,None,Q3305004,OpenTapioca
Simón Bolívar,None,Q8605,OpenTapioca
José de Sucre,None,Q189779,OpenTapioca
Pérou,None,Q419,OpenTapioca
Lakolonbi,None,Q739,OpenTapioca
Galápagos,None,Q38095,OpenTapioca
Luis Humberto Salgado,None,Q945349,OpenTapioca
Léon Tolstoï,None,Q7243,OpenTapioca
Tolstoï,None,Q7243,OpenTapioca
tɐlˈstoj,None,Q2,OpenTapioca
Iasnaïa Poliana,None,Q749556,OpenTapioca
Astapovo,None,Q4071563,OpenTapioca
Risi,None,Q159,OpenTapioca
Lérazi,None,Q5401,OpenTapioca
O,None,Q23397,OpenTapioca
ONU,None,Q1065,OpenTapioca
United States,None,Q30,OpenTapioca
Eurasia,None,Q5401,OpenTapioca
Sen-Maren,None,Q238,OpenTapioca
Vatikan,None,Q237,OpenTapioca
Kosovo,None,Q1246,OpenTapioca
Bénen,None,Q962,OpenTapioca
Bosni,None,Q225,OpenTapioca
Birkina Faso,None,Q965,OpenTapioca
Kap,None,Q5465,OpenTapioca
Brazzaville,None,Q3844,OpenTapioca
Gabon,None,Q1000,OpenTapioca
Giné ékwatoryal,None,Q983,OpenTapioca
Giné-Biso,None,Q1007,OpenTapioca
Mali,None,Q912,OpenTapioca
Nijèr,None,Q1032,OpenTapioca
Nouvèl-Kalédonni,None,Q33788,OpenTapioca
Polinézi fransé,None,Q30971,OpenTapioca
Sénégal,None,Q1041,OpenTapioca
Tchad,None,Q657,OpenTapioca
yuan,None,Q45431716,OpenTapioca
LSE,None,Q171240,OpenTapioca
péyman,None,Q7179586,OpenTapioca
Biyé,None,Q213977,OpenTapioca
Dannmark,None,Q35,OpenTapioca
Linyon éropéyen,2144,Q458,Wikipedia
Palé,None,Q90,OpenTapioca
motò,None,Q11233696,OpenTapioca
Lafrik di Sid,2036,Q258,Wikipedia
solid,None,Q231455,OpenTapioca
Divèrs,None,Q96706373,OpenTapioca
Mè,None,Q96,OpenTapioca
Mikronézi,None,Q3359409,OpenTapioca
Léta fédéré di Mikronézi,None,Q702,OpenTapioca
Micronesia,None,Q702,OpenTapioca
Federated States of Micronesia,None,Q702,OpenTapioca
Lanmérik di Nò,2083,Q49,Wikipedia
Washington,None,Q61,OpenTapioca
Columbia,None,Q739,OpenTapioca
Waldseemüller,None,Q57197,OpenTapioca
America,None,Q828,OpenTapioca
Amerigo Vespucci,None,Q47674,OpenTapioca
Thomas Paine,None,Q126462,OpenTapioca
US,None,Q30,OpenTapioca
United States of America,None,Q30,OpenTapioca
USA,None,Q30,OpenTapioca
Atè,None,Q207632,OpenTapioca
Lanmérik di Nò,None,Q49,OpenTapioca
Hurons,None,Q1383,OpenTapioca
Iroquois,None,Q491011,OpenTapioca
Sen,None,Q1041,OpenTapioca
lak,None,Q23397,OpenTapioca
Érié,None,Q5492,OpenTapioca
Ontario,None,Q1904,OpenTapioca
Kristòf Kolon,None,Q7322,OpenTapioca
Porto Rico,None,Q1183,OpenTapioca
Isi,None,Q2,OpenTapioca
Augustine,None,Q8018,OpenTapioca
Florid,None,Q812,OpenTapioca
Jamestown(1607,None,Q30970,OpenTapioca
Mé,None,Q96,OpenTapioca
Fransé,None,Q121842,OpenTapioca
Misisipi,None,Q1494,OpenTapioca
Langlétè,None,Q21,OpenTapioca
Sèt,None,Q191141,OpenTapioca
Lonn,None,Q84,OpenTapioca
Boston,None,Q100,OpenTapioca
Thomas Jefferson,None,Q11812,OpenTapioca
Woodrow Wilson,None,Q34296,OpenTapioca
baraj,None,Q16350537,OpenTapioca
Hoover,None,Q35236,OpenTapioca
Golden Gate,None,Q44440,OpenTapioca
Bill Clinton,None,Q1124,OpenTapioca
Yougoslavi,None,Q36704,OpenTapioca
Barack Obama,None,Q76,OpenTapioca
BP,None,Q498042,OpenTapioca
Siri,None,Q858,OpenTapioca
Donald Trump,None,Q22686,OpenTapioca
lower 48,None,Q578170,OpenTapioca
Kannanda,None,Q16,OpenTapioca
Puerto Rico,None,Q1183,OpenTapioca
Guam,None,Q16635,OpenTapioca
Palmira,None,Q123076,OpenTapioca
US Navy,None,Q11220,OpenTapioca
Guantánamo,None,Q115319,OpenTapioca
Kiba,None,Q241,OpenTapioca
Lachin,None,Q148,OpenTapioca
Kiba(baz,None,Q241,OpenTapioca
Lak,None,Q23397,OpenTapioca
Chikago,None,Q1297,OpenTapioca
Milwaukee,None,Q37836,OpenTapioca
ChiPitts,None,Q967322,OpenTapioca
San Francisco,None,Q62,OpenTapioca
Los Angeles,None,Q65,OpenTapioca
Puget Sound,None,Q604141,OpenTapioca
Pugetopolis,None,Q3131132,OpenTapioca
Seattle,None,Q5083,OpenTapioca
Portland,None,Q6106,OpenTapioca
Dallas,None,Q16557,OpenTapioca
Miami,None,Q8652,OpenTapioca
Kalifòrni,None,Q99,OpenTapioca
Alexander Graham Bell,None,Q34286,OpenTapioca
Ransom E. Olds,None,Q560676,OpenTapioca
Ford,None,Q9582,OpenTapioca
Ké,None,Q3817781,OpenTapioca
Greek,None,Q41,OpenTapioca
Nascar,None,Q233929,OpenTapioca
Ras Dashan,None,Q275435,OpenTapioca
Adis Abéba,None,Q3624,OpenTapioca
La,None,Q1588,OpenTapioca
Aksoum,None,Q5832,OpenTapioca
D'mt,None,Q139315,OpenTapioca
Afar,None,Q193494,OpenTapioca
dézè,None,Q8514,OpenTapioca
Antoine d'Abbadie,None,Q370987,OpenTapioca
Lézanti,None,Q166131,OpenTapioca
Bahamas,None,Q778,OpenTapioca
Vénézwéla,None,Q717,OpenTapioca
Ayti,None,Q790,OpenTapioca
Tchèk,None,Q864647,OpenTapioca
Cythère,None,Q207239,OpenTapioca
Anticythère,None,Q213730,OpenTapioca
Antipolis,None,Q126898,OpenTapioca
Lanmérik santral,None,Q27611,OpenTapioca
Lò,None,Q34442,OpenTapioca
Au,None,Q46,OpenTapioca
Berzelius,None,Q151911,OpenTapioca
Héron d'Alexandrie,None,Q161853,OpenTapioca
Machu Picchu,None,Q676203,OpenTapioca
inca,None,Q28573,OpenTapioca
Huayna Picchu,None,Q845427,OpenTapioca
Hiram Bingham,None,Q237220,OpenTapioca
Amérik,None,Q828,OpenTapioca
Yale,None,Q49112,OpenTapioca
loséyan Endjen,2161,Q1239,Wikipedia
Mozanbik,2293,Q1029,Wikipedia
Potidjal,2436,Q45,Wikipedia
Maròk,2237,Q1028,Wikipedia
Strasbourg,None,Q6602,OpenTapioca
The Gentleman's Magazine,None,Q153297,OpenTapioca
Mahomet,None,Q9458,OpenTapioca
محمد,None,Q9458,OpenTapioca
Muḥammad,None,Q9458,OpenTapioca
Mohammed,None,Q9458,OpenTapioca
ʿAbd Allāh ibn ʿAbd al-Muṭṭalib,None,Q34408,OpenTapioca
Quraych,None,Q485732,OpenTapioca
La Mecque,None,Q5806,OpenTapioca
Médine,None,Q35484,OpenTapioca
Bhārata,None,Q196831,OpenTapioca
Grann,None,Q674803,OpenTapioca
Bharata,None,Q196831,OpenTapioca
Wx,None,Q4389808,OpenTapioca
Main Page,None,Q64333106,OpenTapioca
Main,None,Q1670,OpenTapioca
it's,None,Q38,OpenTapioca
Lagwiyann,2038,Q3769,Wikipedia
Lagwiyann,None,Q3769,OpenTapioca
Makouya,None,Q938040,OpenTapioca
Matouri,None,Q816739,OpenTapioca
Mousinéri-Tonnégrann,None,Q668084,OpenTapioca
Kourou,None,Q273312,OpenTapioca
savann,None,Q42320,OpenTapioca
bis,None,Q307195,OpenTapioca
Kayenn,None,Q44401,OpenTapioca
Jean-Baptiste,None,Q40662,OpenTapioca
Lac Maillard,None,Q22619948,OpenTapioca
Daniel de La Touche,None,Q3014874,OpenTapioca
La Ravardière,None,Q3014874,OpenTapioca
Charles Poncet de Brétigny,None,Q2960035,OpenTapioca
papa,None,Q19546,OpenTapioca
alò,None,Q60842096,OpenTapioca
Alois Alzheimer,None,Q70530,OpenTapioca
a à,None,Q95175607,OpenTapioca
Parkinson,None,Q336489,OpenTapioca
James Parkinson,None,Q336489,OpenTapioca
kronik,None,Q2060961,OpenTapioca
Tablo,None,Q18800,OpenTapioca
Zanbi,2754,Q953,Wikipedia
Tanzani,2653,Q924,Wikipedia
Moritani,2280,Q1025,Wikipedia
Laljéri,2062,Q262,Wikipedia
Nijèr,2334,Q1032,Wikipedia
Kot d'Ivwar,2003,Q1008,Wikipedia
Giné,1333,Q1006,Wikipedia
Sénégal,2636,Q1041,Wikipedia
Trinité,None,Q128323,OpenTapioca
Laos,None,Q819,OpenTapioca
Sentéli,None,Q371808,OpenTapioca
Javouhey,None,Q3163188,OpenTapioca
Insee,None,Q156616,OpenTapioca
Mao Zedong,None,Q5816,OpenTapioca
毛泽东,None,Q5816,OpenTapioca
毛澤東,None,Q5816,OpenTapioca
Máo Zédōng,None,Q5816,OpenTapioca
Mao Tsé-Toung,None,Q5816,OpenTapioca
Mao Tsé-Tung,None,Q5816,OpenTapioca
Mao Tsö-Tong,None,Q5816,OpenTapioca
Hunan,None,Q45761,OpenTapioca
Pékin,None,Q956,OpenTapioca
Marché,None,Q1279,OpenTapioca
Augustin Cournot,None,Q323245,OpenTapioca
Marco Polo,None,Q6101,OpenTapioca
Paolo,None,Q9200,OpenTapioca
Chin,None,Q148,OpenTapioca
Liv,None,Q2039,OpenTapioca
Lendi,2125,Q105,Wikipedia
Mèrkrédi,2303,Q128,Wikipedia
Jédi,1457,Q129,Wikipedia
Vandrédi,2711,Q130,Wikipedia
Sanmdi,2528,Q131,Wikipedia
Dimanch,1214,Q132,Wikipedia
Mari,None,Q345,OpenTapioca
ܡܪܝܡ,None,Q345,OpenTapioca
Maryam,None,Q345,OpenTapioca
María,None,Q345,OpenTapioca
Judé,None,Q43945,OpenTapioca
Jézi di Nazareth,None,Q302,OpenTapioca
Nazareth,None,Q430776,OpenTapioca
Mari,None,Q912,OpenTapioca
Marie Skłodowska-Curie,None,Q7186,OpenTapioca
Maria Salomea Skłodowska,None,Q7186,OpenTapioca
Varsovie,None,Q270,OpenTapioca
Pològn,None,Q36,OpenTapioca
Sancellemoz,None,Q2364887,OpenTapioca
Passy (Haute-Savoie,None,Q388949,OpenTapioca
France,None,Q142,OpenTapioca
Brézil,1159,Q155,Wikipedia
Normandi,None,Q18677875,OpenTapioca
Maripa-Soula,None,Q846239,OpenTapioca
Talhuen,None,Q55634637,OpenTapioca
Maripasoula,None,Q846239,OpenTapioca
1°C,None,Q77202,OpenTapioca
Kour,None,Q156557,OpenTapioca
Lawa,None,Q23397,OpenTapioca
Apatou,None,Q618086,OpenTapioca
Sen-Laurent-di-Maronni,None,Q319959,OpenTapioca
Papaychton,None,Q744546,OpenTapioca
Markè,None,Q1279,OpenTapioca
Rutebeuf,None,Q918599,OpenTapioca
Ovide,None,Q7198,OpenTapioca
pas,None,Q2231510,OpenTapioca
J.- K.,None,Q34660,OpenTapioca
Solèy,None,Q1728004,OpenTapioca
UA,None,Q212,OpenTapioca
Martin Luther,None,Q9554,OpenTapioca
Eisleben,None,Q484870,OpenTapioca
Thuringe,None,Q1205,OpenTapioca
protèstantism,None,Q23540,OpenTapioca
protestant,None,Q23540,OpenTapioca
Paul,None,Q9200,OpenTapioca
Sahara,None,Q6583,OpenTapioca
Polisario,None,Q240425,OpenTapioca
Magrèb,None,Q28227,OpenTapioca
òbò,None,Q16234484,OpenTapioca
Thomas,None,Q43669,OpenTapioca
Kazablanka,None,Q7903,OpenTapioca
Hassan II,None,Q69103,OpenTapioca
Djebel Toubkal,None,Q503433,OpenTapioca
Rif,None,Q275491,OpenTapioca
Sebou(36,None,Q1129810,OpenTapioca
bati,None,Q177882,OpenTapioca
Frans,None,Q142,OpenTapioca
etc,None,Q100807629,OpenTapioca
Rémir-Monjoli,None,Q996222,OpenTapioca
Félix-Éboué,None,Q989568,OpenTapioca
Mon,None,Q711,OpenTapioca
Roura,None,Q996422,OpenTapioca
Fò,None,Q9441,OpenTapioca
Tout,None,Q3535682,OpenTapioca
Kant,None,Q9312,OpenTapioca
Gauss,None,Q6722,OpenTapioca
Neuf,None,Q64093,OpenTapioca
Max Weber,None,Q9387,OpenTapioca
Ciudad de México[sju.ˈða(ð,None,Q1489,OpenTapioca
CDMX,None,Q1489,OpenTapioca
Mi,None,Q30,OpenTapioca
Zea,None,Q1449,OpenTapioca
L.,None,Q1043,OpenTapioca
Kanada,None,Q16,OpenTapioca
Sa,None,Q150793,OpenTapioca
Mèksik,None,Q96,OpenTapioca
Michael Faraday,None,Q8750,OpenTapioca
Hampton Court,None,Q205666,OpenTapioca
Faraday(oben,None,Q8750,OpenTapioca
Faraday,None,Q8750,OpenTapioca
Miguel de Cervantes Saavedra,None,Q5682,OpenTapioca
Alcalá de Henares-,None,Q46940,OpenTapioca
L’Ingénieux,None,Q1043,OpenTapioca
Don Quichotte,None,Q3035888,OpenTapioca
Cervantes,None,Q5682,OpenTapioca
Mancho,None,Q21175808,OpenTapioca
Lépante,None,Q782278,OpenTapioca
Michelangelo,None,Q5592,OpenTapioca
Caprese,None,Q52069,OpenTapioca
Rome,None,Q220,OpenTapioca
Michelangelo di Lodovico Buonarroti Simoni,None,Q5592,OpenTapioca
mikroskòp,None,Q4405665,OpenTapioca
4 ; « 4,None,Q2743658,OpenTapioca
min,None,Q52239036,OpenTapioca
tan,2649,Q11471,Wikipedia
ségonn,2632,Q11574,Wikipedia
lò,2200,Q897,Wikipedia
Mississippi,None,Q1497,OpenTapioca
Mississippi River,None,Q1497,OpenTapioca
Étazini,None,Q30,OpenTapioca
Minnesota,None,Q1527,OpenTapioca
Missouri,None,Q1581,OpenTapioca
à propos,None,Q96738933,OpenTapioca
katégori,None,Q31769851,OpenTapioca
fórt,None,Q3277589,OpenTapioca
Mohandas Karamchand Gandhi,None,Q1001,OpenTapioca
મોહનદાસ કરમચંદ ગાંધી,None,Q1001,OpenTapioca
Porbandar,None,Q6419912,OpenTapioca
Gujarat,None,Q1061,OpenTapioca
Delhi,None,Q1353,OpenTapioca
Moldavi,None,Q217,OpenTapioca
Moldova,None,Q217,OpenTapioca
Republica Moldova,None,Q217,OpenTapioca
Roumani,None,Q218,OpenTapioca
Oukrèn,None,Q212,OpenTapioca
Transnistrie,None,Q907112,OpenTapioca
Jean-Baptiste Poquelin,None,Q687,OpenTapioca
Molière,None,Q687,OpenTapioca
Pari,None,Q90,OpenTapioca
Madeleine Béjart,None,Q266019,OpenTapioca
Illustre Théâtre,None,Q3148767,OpenTapioca
italyen,1418,Q652,Wikipedia
Léonard de Vinci,2186,Q762,Wikipedia
dog,None,Q101128251,OpenTapioca
Soulon,None,Q23664527,OpenTapioca
Montesquieu,None,Q15975,OpenTapioca
konsil,None,Q10551516,OpenTapioca
marché,None,Q33994128,OpenTapioca
Mongoli,None,Q711,OpenTapioca
Lachin,2029,Q148,Wikipedia
Montangn Rochéz,None,Q5463,OpenTapioca
Rocky Mountains,None,Q5463,OpenTapioca
Rockies,None,Q5463,OpenTapioca
Lézanti,2199,Q166131,Wikipedia
Rwéyonm-Ini,2494,Q145,Wikipedia
Loséyan Endjen,2161,Q1239,Wikipedia
Madagaskar,2206,Q1019,Wikipedia
pyébwa,None,Q10884,OpenTapioca
Virgile,None,Q1398,OpenTapioca
Krwa,None,Q239091,OpenTapioca
listwè,2147,Q309,Wikipedia
Mō(y)sēs,None,Q28,OpenTapioca
lannen,2088,Q577,Wikipedia
kalandriyé,1471,Q12132,Wikipedia
Mo,None,Q28,OpenTapioca
mḗh₁n̥s,None,Q1175750,OpenTapioca
Rounésans,2490,Q4692,Wikipedia
Grann dékouvèrt,1351,Q133641,Wikipedia
Laj,None,Q47341,OpenTapioca
mwa,2295,Q5151,Wikipedia
èspangnòl,2785,Q1321,Wikipedia
ALENA,None,Q181574,OpenTapioca
TLCAN,None,Q181574,OpenTapioca
NAFTA,None,Q181574,OpenTapioca
Tenochtitlan,None,Q13695,OpenTapioca
Hernán Cortés,None,Q7326,OpenTapioca
Plutarco Elías Calles,None,Q315066,OpenTapioca
Emilio Portes Gil,None,Q380982,OpenTapioca
Calles,None,Q315066,OpenTapioca
José Gonzalo Escobar,None,Q2052925,OpenTapioca
Béliz,None,Q242,OpenTapioca
Gwatémala,None,Q774,OpenTapioca
Ángel de la Guarda,None,Q55533794,OpenTapioca
Cozumel,None,Q20119933,OpenTapioca
Èspò,None,Q47034,OpenTapioca
Tigres UANL,None,Q849823,OpenTapioca
Club Deportivo Guadalajara,None,Q503321,OpenTapioca
Cruz Azul,None,Q845859,OpenTapioca
Club Universidad Nacional,None,Q1143000,OpenTapioca
Deportivo Toluca,None,Q670186,OpenTapioca
mardi,2229,Q127,Wikipedia
laten,2117,Q397,Wikipedia
foto,None,Q1439685,OpenTapioca
Dipi,None,Q3033050,OpenTapioca
Einstein,None,Q937,OpenTapioca
Euler,None,Q7604,OpenTapioca
Lagrange,None,Q80222,OpenTapioca
Trè,None,Q40840,OpenTapioca
Aristote,None,Q868,OpenTapioca
rèd,None,Q624601,OpenTapioca
é yé,None,Q45456247,OpenTapioca
Métòd,None,Q239925,OpenTapioca
Mézopotami,None,Q11767,OpenTapioca
Μεσοποταμία,None,Q11767,OpenTapioca
Mesopotamía,None,Q11767,OpenTapioca
Mwayen-Oryan,None,Q7204,OpenTapioca
Éfrat,None,Q34589,OpenTapioca
Irak,None,Q796,OpenTapioca
NST,None,Q712168,OpenTapioca
Napoléon Ié,None,Q517,OpenTapioca
Ajaccio,None,Q40104,OpenTapioca
lil,None,Q648,OpenTapioca
Sainte-Hélène,None,Q34497,OpenTapioca
Charles Bonaparte,None,Q151869,OpenTapioca
Letizia Ramolino,None,Q151995,OpenTapioca
Napoléon Bonaparte,None,Q517,OpenTapioca
Sa,None,Q1046861,OpenTapioca
yan san,None,Q45452317,OpenTapioca
Nelson Rolihlahla Mandela,None,Q8023,OpenTapioca
Madiba,None,Q8023,OpenTapioca
Mvezo,None,Q1020378,OpenTapioca
Johannesburg (Gauteng,None,Q34647,OpenTapioca
New Delhi,None,Q987,OpenTapioca
नई दिल्ली,None,Q987,OpenTapioca
Naī Dillī,None,Q987,OpenTapioca
vil,2719,Q515,Wikipedia
Létazini,2196,Q30,Wikipedia
Nicolas Copernic,None,Q619,OpenTapioca
Mikołaj Kopernik[miˈkɔwaj,None,Q619,OpenTapioca
Nikolaus Kopernikus,None,Q619,OpenTapioca
Nicolaus Copernicus,None,Q619,OpenTapioca
Thorn,None,Q47554,OpenTapioca
Toruń,None,Q47554,OpenTapioca
Pologn,None,Q36,OpenTapioca
Frauenburg,None,Q497115,OpenTapioca
Frombork,None,Q497115,OpenTapioca
Niels Henrik David Bohr,None,Q7085,OpenTapioca
Copenhague,None,Q1748,OpenTapioca
Bénen,1174,Q962,Wikipedia
Birkina Faso,1134,Q965,Wikipedia
Tchad,2657,Q657,Wikipedia
Libi,2135,Q1016,Wikipedia
Mali,2220,Q912,Wikipedia
Nijérya,2335,Q1033,Wikipedia
annglé,1061,Q1860,Wikipedia
Nikaragwa,None,Q811,OpenTapioca
República de Nicaragua,None,Q811,OpenTapioca
Nikola Tesla,None,Q9036,OpenTapioca
Никола Тесла,None,Q9036,OpenTapioca
Smiljan,None,Q367211,OpenTapioca
Croatie,None,Q224,OpenTapioca
New York,None,Q60,OpenTapioca
Victoria(Ouganda,None,Q5505,OpenTapioca
Kenya,None,Q114,OpenTapioca
Tanzani,None,Q924,OpenTapioca
Khartoum,None,Q1963,OpenTapioca
Soudan,None,Q1049,OpenTapioca
Méditérané,None,Q4918,OpenTapioca
Éjip,None,Q79,OpenTapioca
klavyé,1962,Q1424692,Wikipedia
Nouvèl-Zélann,2353,Q664,Wikipedia
Fibonacci,None,Q8763,OpenTapioca
Le Corbusier,None,Q4724,OpenTapioca
Xenakis,None,Q152880,OpenTapioca
mini,None,Q3266558,OpenTapioca
20e,None,Q240,OpenTapioca
Cnide,None,Q690575,OpenTapioca
J.-K. Li,None,Q73708747,OpenTapioca
Dedekind,None,Q76556,OpenTapioca
rol,None,Q63283846,OpenTapioca
fransé,1313,Q150,Wikipedia
Taywann,None,Q865,OpenTapioca
Sulawesi,None,Q3812,OpenTapioca
James Cook,None,Q7324,OpenTapioca
Cook,None,Q7324,OpenTapioca
New Caledonia,None,Q33788,OpenTapioca
Caledonia,None,Q22,OpenTapioca
boum,None,Q10884,OpenTapioca
Belep,None,Q9704,OpenTapioca
Ouvéa,None,Q9736,OpenTapioca
50 km,None,Q4031679,OpenTapioca
Loséyan Pasifik,2163,Q98,Wikipedia
Nwèl,None,Q19809,OpenTapioca
Himalaya,1367,Q5451,Wikipedia
Wolfgang Pauli,None,Q65989,OpenTapioca
fòrt,None,Q3277589,OpenTapioca
Nederlands,None,Q55,OpenTapioca
Bèljik(prensipalman,None,Q31,OpenTapioca
Sourinanm,None,Q730,OpenTapioca
Lafrik di Sid,None,Q258,OpenTapioca
Westhoek,None,Q955543,OpenTapioca
Bèljik,None,Q31,OpenTapioca
Lanlmangn,None,Q183,OpenTapioca
le Rhin,None,Q584,OpenTapioca
Weser,None,Q1650,OpenTapioca
Rhin,None,Q584,OpenTapioca
Tré,None,Q40840,OpenTapioca
Ÿ,None,Q38,OpenTapioca
IJsselmeer,None,Q4121,OpenTapioca
Gelderse IJssel,None,Q217818,OpenTapioca
Yssel,None,Q217818,OpenTapioca
Gueldre,None,Q775,OpenTapioca
IJsland(Lislann,None,Q189,OpenTapioca
Madhyamaka,None,Q844421,OpenTapioca
Andhra Pradesh,None,Q1159,OpenTapioca
nèt,None,Q4545456,OpenTapioca
Enn,None,Q96089778,OpenTapioca
OMS,None,Q7817,OpenTapioca
Carl Wilhelm Scheele,None,Q70538,OpenTapioca
Uppsala,None,Q25286,OpenTapioca
Joseph Priestley,None,Q159636,OpenTapioca
Wiltshire,None,Q23183,OpenTapioca
Antoine Lavoisier,None,Q39607,OpenTapioca
Oman,None,Q842,OpenTapioca
Sultanat d'Oman,None,Q842,OpenTapioca
عمان,None,Q842,OpenTapioca
سلطنة عمان,None,Q842,OpenTapioca
Arabi,None,Q31945,OpenTapioca
golf d'Oman,None,Q79948,OpenTapioca
Omèr,None,Q6691,OpenTapioca
Ὅμηρος,None,Q6691,OpenTapioca
Hómêros,None,Q6691,OpenTapioca
Smyrne,None,Q35997,OpenTapioca
Laplas,None,Q44481,OpenTapioca
Odyssée,None,Q3501311,OpenTapioca
Ondiras,None,Q783,OpenTapioca
República de Honduras,None,Q783,OpenTapioca
Karayib,None,Q664609,OpenTapioca
Parménide,None,Q125551,OpenTapioca
Platon,None,Q859,OpenTapioca
modèl,None,Q111602982,OpenTapioca
Turing,None,Q7251,OpenTapioca
ONI,None,Q1065,OpenTapioca
OTAN,None,Q7184,OpenTapioca
North Atlantic Treaty Organization,None,Q7184,OpenTapioca
NATO,None,Q7184,OpenTapioca
World Trade Organization,None,Q7825,OpenTapioca
WTO,None,Q7825,OpenTapioca
Organización Mundial del Comercio,None,Q7825,OpenTapioca
OMC,None,Q7825,OpenTapioca
Marrakech,None,Q101625,OpenTapioca
Swis,None,Q39,OpenTapioca
Pregny-Chambésy,None,Q69822,OpenTapioca
Ga(milyar,None,Q1428,OpenTapioca
Georges Braque,None,Q153793,OpenTapioca
Pākistān,None,Q843,OpenTapioca
پاکِستان,None,Q843,OpenTapioca
پاکستان,None,Q843,OpenTapioca
Iran,None,Q794,OpenTapioca
Afghanistan,None,Q889,OpenTapioca
Bangladesh,None,Q902,OpenTapioca
Palestin,None,Q23792,OpenTapioca
دولة فلسطين,None,Q219060,OpenTapioca
Filastin,None,Q23792,OpenTapioca
mas,None,Q585956,OpenTapioca
Huygens,None,Q39599,OpenTapioca
Pannanman,None,Q804,OpenTapioca
Panamá,None,Q804,OpenTapioca
República de Panamá,None,Q804,OpenTapioca
Kosta Rika,None,Q800,OpenTapioca
Santa María de Belen,None,Q15881696,OpenTapioca
Grénad,None,Q769,OpenTapioca
Kolonbi,None,Q739,OpenTapioca
Costa Rica,None,Q800,OpenTapioca
Chili,None,Q298,OpenTapioca
Joseph Raphson,None,Q569955,OpenTapioca
Man,None,Q9676,OpenTapioca
Kotika,None,Q1090505,OpenTapioca
Lapli,None,Q969479,OpenTapioca
AS,None,Q30,OpenTapioca
bit,None,Q180516,OpenTapioca
US Matoury,None,Q3547516,OpenTapioca
Endonézi,1262,Q252,Wikipedia
Papouazi oksidantal,2401,Q5096,Wikipedia
Papouazi-Nouvèl-Giné,2399,Q691,Wikipedia
Paragwé,None,Q733,OpenTapioca
Paraná,None,Q127892,OpenTapioca
Asunción,None,Q2933,OpenTapioca
Buenos Aires,None,Q1486,OpenTapioca
Rio de la Plata,None,Q35827,OpenTapioca
Francia,None,Q142,OpenTapioca
Ferdinand VII,None,Q186256,OpenTapioca
Jesus de Tavarangue,None,Q318338,OpenTapioca
Unesco,None,Q7809,OpenTapioca
Mòskou,None,Q649,OpenTapioca
Istanbul,None,Q406,OpenTapioca
Notre-Dame,None,Q2981,OpenTapioca
Jules-Ferry,None,Q959708,OpenTapioca
Rouvray,None,Q748217,OpenTapioca
Montreuil,None,Q193370,OpenTapioca
Vosges,None,Q187843,OpenTapioca
Jules César,None,Q1048,OpenTapioca
Gol,None,Q23397,OpenTapioca
Lutecia,None,Q270273,OpenTapioca
Lutetia,None,Q90,OpenTapioca
Parisios,None,Q656902,OpenTapioca
Parisi,None,Q90,OpenTapioca
Villeparisis,None,Q387433,OpenTapioca
Cormeilles-en-Parisis,None,Q841957,OpenTapioca
Fontenay-en-Parisis,None,Q1166550,OpenTapioca
Yorkshire,None,Q163,OpenTapioca
Bercy,None,Q537720,OpenTapioca
12e,None,Q171689,OpenTapioca
Klovis,None,Q82339,OpenTapioca
Childebert,None,Q4497614,OpenTapioca
Childéric II,None,Q309909,OpenTapioca
Charlie Hebdo,None,Q1043104,OpenTapioca
UNESCO,None,Q7809,OpenTapioca
Notre-Dame,None,Q345,OpenTapioca
Alexandre-III,None,Q120180,OpenTapioca
Palè,None,Q90,OpenTapioca
Tour Eiffel,None,Q243,OpenTapioca
François Mitterrand,None,Q2038,OpenTapioca
Gran,None,Q171353,OpenTapioca
tour Eiffel,None,Q243,OpenTapioca
salon,None,Q10550521,OpenTapioca
Réjans,None,Q477406,OpenTapioca
Procope,None,Q2262540,OpenTapioca
Itali,None,Q38,OpenTapioca
Berlin,None,Q64,OpenTapioca
Parthénon,None,Q10288,OpenTapioca
Παρθενών,None,Q10288,OpenTapioca
Parthenṓn,None,Q10288,OpenTapioca
Athéna Parthénos,None,Q2070605,OpenTapioca
Phidias,None,Q177302,OpenTapioca
Louis Pasteur,None,Q529,OpenTapioca
Nicolas Appert,None,Q39637,OpenTapioca
Alfred de Vergnette de Lamotte,None,Q2835552,OpenTapioca
Benjamin Constant,None,Q1767926,OpenTapioca
Paul de Tarse,None,Q9200,OpenTapioca
Saul,None,Q9200,OpenTapioca
Tarse,None,Q134287,OpenTapioca
Cilicie,None,Q4819648,OpenTapioca
Douz,None,Q1009268,OpenTapioca
Santans,None,Q615165,OpenTapioca
privé,None,Q3248417,OpenTapioca
Penn,None,Q1400,OpenTapioca
d’Archimèd,None,Q8739,OpenTapioca
Pierre-Simon de Laplace,None,Q44481,OpenTapioca
Pierre-Simon Laplace,None,Q44481,OpenTapioca
Laplace,None,Q44481,OpenTapioca
Paris,None,Q90,OpenTapioca
Alessandro Volta,None,Q680,OpenTapioca
Dis,None,Q504031,OpenTapioca
sunnit,None,Q483654,OpenTapioca
Antikité,1066,Q41493,Wikipedia
nil,None,Q1783389,OpenTapioca
Éklid,None,Q8747,OpenTapioca
Kris,None,Q833573,OpenTapioca
Ptolémé,None,Q34943,OpenTapioca
Plato dé Gwiyann,None,Q208807,OpenTapioca
Roraima,None,Q4777,OpenTapioca
Gwiyannan,None,Q734,OpenTapioca
Pico da Neblina,None,Q739484,OpenTapioca
Lanmanzonni,2073,Q2841453,Wikipedia
La Neblina,None,Q739484,OpenTapioca
Kaieteur,None,Q38120,OpenTapioca
Roraima,None,Q42508,OpenTapioca
Πλάτων,None,Q859,OpenTapioca
Plátôn,None,Q859,OpenTapioca
Athènes,None,Q1524,OpenTapioca
Socrate,None,Q913,OpenTapioca
Héraclite,None,Q41155,OpenTapioca
Pythagore,None,Q10261,OpenTapioca
Diogène Laërce,None,Q59138,OpenTapioca
Puka Puka,None,Q1471237,OpenTapioca
Magellan,None,Q1496,OpenTapioca
Polinézi,None,Q35942,OpenTapioca
Samuel Wallis,None,Q433993,OpenTapioca
Cook,None,Q26988,OpenTapioca
London Missionary Society,None,Q1869031,OpenTapioca
Pouvanaa Oopa,None,Q352280,OpenTapioca
Bora-Bora,None,Q183113,OpenTapioca
RDPT,None,Q3419897,OpenTapioca
Tayti,None,Q10378444,OpenTapioca
Hatutu,None,Q1420365,OpenTapioca
Swèd,None,Q34,OpenTapioca
Gambier,None,Q186430,OpenTapioca
Sèrbi,None,Q403,OpenTapioca
Rapa,None,Q1585976,OpenTapioca
Capo Ferrato,None,Q34834868,OpenTapioca
Zilé,None,Q203018,OpenTapioca
Lò di,None,Q43048,OpenTapioca
Kanmopi,None,Q996153,OpenTapioca
Sen-Barthélemy,None,Q25362,OpenTapioca
Sen-Martin,None,Q126125,OpenTapioca
Sen-Pierre-ké-Miquelon,None,Q34617,OpenTapioca
Les Républicains,None,Q20012759,OpenTapioca
gwiyannen(PSG,None,Q483020,OpenTapioca
Walwari,None,Q3091641,OpenTapioca
PRG,None,Q427965,OpenTapioca
PS,None,Q219060,OpenTapioca
Europe Écologie Les Verts,None,Q613786,OpenTapioca
jan,None,Q3751067,OpenTapioca
Koté,None,Q41963,OpenTapioca
kanyon,None,Q1593303,OpenTapioca
sòl,None,Q231455,OpenTapioca
zannimo,2755,Q729,Wikipedia
lanmè,2078,Q165,Wikipedia
loséan,2157,Q9430,Wikipedia
Lèspangn,2171,Q29,Wikipedia
apr,None,Q11190401,OpenTapioca
Alphonse Ier,None,Q81833,OpenTapioca
Hispania,None,Q29,OpenTapioca
Coimbra,None,Q45412,OpenTapioca
Mozanbik,None,Q1029,OpenTapioca
Biso,None,Q3739,OpenTapioca
Malaka,None,Q185221,OpenTapioca
Makao,None,Q14773,OpenTapioca
Timòr oryantal,None,Q574,OpenTapioca
Goa,None,Q1171,OpenTapioca
Sao Tomé,None,Q3932,OpenTapioca
Timor oryantal,None,Q574,OpenTapioca
Mercosur,None,Q4264,OpenTapioca
Si to,None,Q752964,OpenTapioca
"5 %, 5",None,Q11849585,OpenTapioca
pragmatism,None,Q126692,OpenTapioca
Charles Sanders Peirce,None,Q187520,OpenTapioca
Peirce,None,Q187520,OpenTapioca
Pri,None,Q13216758,OpenTapioca
Nobel,None,Q23810,OpenTapioca
divizé,None,Q3599064,OpenTapioca
Protestantism,None,Q23540,OpenTapioca
protestantism,None,Q23540,OpenTapioca
John Lubbock,None,Q312503,OpenTapioca
Lausanne,None,Q807,OpenTapioca
Lanlmangn,2070,Q183,Wikipedia
Itali,1417,Q38,Wikipedia
Πυθαγόρας,None,Q10261,OpenTapioca
Pythagóras,None,Q10261,OpenTapioca
Samos,None,Q156882,OpenTapioca
Égée,None,Q34575,OpenTapioca
Périclès,None,Q80398,OpenTapioca
Περικλῆς,None,Q80398,OpenTapioca
Periklễs,None,Q80398,OpenTapioca
Athèn,None,Q1524,OpenTapioca
Xanthippe,None,Q380401,OpenTapioca
d’Agaristé,None,Q390670,OpenTapioca
Péloponnèse,None,Q78967,OpenTapioca
Perú,None,Q419,OpenTapioca
República del Perú,None,Q419,OpenTapioca
Piruw,None,Q419,OpenTapioca
Bolivi,None,Q750,OpenTapioca
Lima,None,Q2868,OpenTapioca
José Gabriel Túpac Amaru,None,Q315937,OpenTapioca
Huascarán,None,Q200935,OpenTapioca
Charles Jencks,None,Q354634,OpenTapioca
Qin Shi Huang,None,Q7192,OpenTapioca
秦始皇,None,Q7192,OpenTapioca
Qín Shǐhuáng,None,Q7192,OpenTapioca
Ch'in² Shih³-huang²,None,Q7192,OpenTapioca
Qin,None,Q7183,OpenTapioca
J.-K.. Li,None,Q73708747,OpenTapioca
Ramsès II,None,Q1523,OpenTapioca
Ramessou,None,Q898335,OpenTapioca
Meryamon,None,Q3333276,OpenTapioca
Pi-Ramsès,None,Q937930,OpenTapioca
Ramsès le Grand,None,Q1523,OpenTapioca
Ozymandias,None,Q1523,OpenTapioca
Ramsès,None,Q1523,OpenTapioca
Ramesses,None,Q1523,OpenTapioca
radikal,None,Q2098195,OpenTapioca
Petit Larousse,None,Q273835,OpenTapioca
Rembrandt van Rijn,None,Q5598,OpenTapioca
Rembrandt,None,Q5598,OpenTapioca
Leyde,None,Q43631,OpenTapioca
Amsterdam,None,Q727,OpenTapioca
Ren,None,Q584,OpenTapioca
Li,None,Q311413,OpenTapioca
an an,None,Q290147,OpenTapioca
D,None,Q2013,OpenTapioca
René Descartes,None,Q9191,OpenTapioca
La Haye-en-Touraine,None,Q320299,OpenTapioca
Descartes,None,Q9191,OpenTapioca
Stockholm,None,Q1754,OpenTapioca
Reptilia,None,Q7314355,OpenTapioca
Wilhelm Richard Wagner,None,Q1511,OpenTapioca
Leipzig,None,Q2079,OpenTapioca
Bayreuth,None,Q3923,OpenTapioca
Россия,None,Q159,OpenTapioca
Российская Федерация,None,Q159,OpenTapioca
Roald Engelbregt Gravning Amundsen,None,Q926,OpenTapioca
Borge,None,Q966777,OpenTapioca
Nòrvèj,None,Q20,OpenTapioca
Gerlache de Gomery,None,Q336591,OpenTapioca
Antarktik,None,Q51,OpenTapioca
Konsèpsyon,None,Q1880,OpenTapioca
R. U.,None,Q145,OpenTapioca
R.,None,Q18723,OpenTapioca
rock,None,Q1195705,OpenTapioca
Rom antik,None,Q1747689,OpenTapioca
Florence,None,Q2044,OpenTapioca
Pré,None,Q13377,OpenTapioca
Trecento,None,Q18487501,OpenTapioca
tan-an,None,Q15940954,OpenTapioca
Saint-Augustin,None,Q8018,OpenTapioca
Sainte-Marie,None,Q345,OpenTapioca
Laòs,None,Q819,OpenTapioca
Cornouailles,None,Q23148,OpenTapioca
Tamise,None,Q19686,OpenTapioca
Severn(354,None,Q19682,OpenTapioca
Rwéyonm-Ini,None,Q145,OpenTapioca
Scafell Pike,None,Q1146222,OpenTapioca
Lake District,None,Q211778,OpenTapioca
Cumbria,None,Q23066,OpenTapioca
Ben Nevis,None,Q104674,OpenTapioca
Sid,None,Q7337808,OpenTapioca
Hébrides,None,Q123377,OpenTapioca
Orcades(Orkney Islands,None,Q100166,OpenTapioca
Shetland,None,Q47134,OpenTapioca
Gal,None,Q25,OpenTapioca
Lékòs,None,Q3651684,OpenTapioca
Commonwealth,None,Q7785,OpenTapioca
Rwéyonm Ini,None,Q145,OpenTapioca
Clement Attlee,None,Q129006,OpenTapioca
National Health Service,None,Q918396,OpenTapioca
NHS,None,Q918396,OpenTapioca
Gordon Brown,None,Q10648,OpenTapioca
David Cameron,None,Q192,OpenTapioca
Élisabeth II,None,Q9682,OpenTapioca
Theresa May,None,Q264766,OpenTapioca
Kabiné,None,Q1416670,OpenTapioca
William Shakespeare,None,Q692,OpenTapioca
Shakespeare,None,Q692,OpenTapioca
Geoffrey Chaucer,None,Q5683,OpenTapioca
William Shakespeare(1564,None,Q692,OpenTapioca
Samuel Taylor Coleridge,None,Q82409,OpenTapioca
Jane Austen,None,Q36322,OpenTapioca
Percy Bysshe Shelley,None,Q93343,OpenTapioca
John Keats(1795,None,Q82083,OpenTapioca
William Makepeace Thackeray(1811-1863,None,Q92360382,OpenTapioca
Charles Dickens,None,Q5686,OpenTapioca
George Eliot,None,Q131333,OpenTapioca
Lewis Carroll (1832-1898,None,Q38082,OpenTapioca
George Orwell,None,Q3335,OpenTapioca
William Wordsworth,None,Q45546,OpenTapioca
Alfred Tennyson,None,Q173869,OpenTapioca
"Browning, Elizabeth Barrett",None,Q228494,OpenTapioca
Dame Agatha Christie,None,Q35064,OpenTapioca
T. S. Eliot,None,Q37767,OpenTapioca
Virginia Woolf,None,Q40909,OpenTapioca
Wilfred Owen,None,Q212719,OpenTapioca
J. K. Rowling,None,Q34660,OpenTapioca
J. R. R. Tolkien,None,Q892,OpenTapioca
Douglas Adams,None,Q42,OpenTapioca
Robert Burns,None,Q81960,OpenTapioca
Dylan Thomas,None,Q191023,OpenTapioca
Sir Walter Scott,None,Q79025,OpenTapioca
Arthur Conan Doyle,None,Q35610,OpenTapioca
Robert Louis Stevenson,None,Q1512,OpenTapioca
Iain Banks,None,Q312579,OpenTapioca
Muriel Spark,None,Q233956,OpenTapioca
Irvine Welsh,None,Q178403,OpenTapioca
Ken Follett,None,Q210669,OpenTapioca
C. S. Lewis,None,Q9204,OpenTapioca
rèv,None,Q184358,OpenTapioca
Lavoisier(1777,None,Q39607,OpenTapioca
global,None,Q13780930,OpenTapioca
Réfòrm,None,Q79522,OpenTapioca
protèstant,None,Q23540,OpenTapioca
Réform,None,Q79522,OpenTapioca
Labib,None,Q2361636,OpenTapioca
Sik,None,Q2907,OpenTapioca
CFC,None,Q9616,OpenTapioca
Réjina,None,Q996195,OpenTapioca
Wannari,None,Q996267,OpenTapioca
Senjòrj,None,Q731606,OpenTapioca
Régina,None,Q996195,OpenTapioca
mounité,2286,Q5,Wikipedia
Bondjé,1141,Q190,Wikipedia
Kayenn,1954,Q44401,Wikipedia
Olandé,None,Q5689,OpenTapioca
David Cohen Nassi,None,Q3894364,OpenTapioca
Jézwit,None,Q36380,OpenTapioca
Kann,None,Q39984,OpenTapioca
Mayòt,None,Q17063,OpenTapioca
François,None,Q450675,OpenTapioca
Répiblik dominikenn,None,Q786,OpenTapioca
República Dominicana,None,Q786,OpenTapioca
DRM,None,Q946584,OpenTapioca
Digital Radio Mondiale,None,Q946584,OpenTapioca
Adolphe Blanqui,None,Q365753,OpenTapioca
Friedrich Engels,None,Q34787,OpenTapioca
Arnold Toynbee,None,Q185381,OpenTapioca
Pròch,None,Q15632163,OpenTapioca
J.-K,None,Q34660,OpenTapioca
Alexandre Koyré,None,Q319243,OpenTapioca
Herbert Butterfield,None,Q1350443,OpenTapioca
10−12,None,Q26423153,OpenTapioca
Wilhelm Röntgen,None,Q35149,OpenTapioca
téléfonn,2695,Q11035,Wikipedia
konmitatò téléfonik,1984,Q589666,Wikipedia
Ròch,None,Q152457,OpenTapioca
Roma,None,Q220,OpenTapioca
Latium,None,Q1282,OpenTapioca
Ròm antik,None,Q1747689,OpenTapioca
Ròm,None,Q220,OpenTapioca
Karayb,1947,Q664609,Wikipedia
Puerto Rico,2455,Q1183,Wikipedia
Teneré,None,Q272521,OpenTapioca
Lanmérik santral,2086,Q27611,Wikipedia
Salvador Dalí,None,Q5577,OpenTapioca
Salvador Domingo Felipe Jacinto Dalí i Domènech,None,Q5577,OpenTapioca
Dalí,None,Q5577,OpenTapioca
Figueras,None,Q6839,OpenTapioca
markè-palò,2233,Q36180,Wikipedia
Samoa,None,Q683,OpenTapioca
Independent State of Samoa,None,Q683,OpenTapioca
Nòrm,None,Q89210565,OpenTapioca
ISO,None,Q15028,OpenTapioca
Kourou,2006,Q273312,Wikipedia
Laljéri,None,Q262,OpenTapioca
Hammaguir,None,Q1021734,OpenTapioca
Kap Kennedy,None,Q21488335,OpenTapioca
Georges Pompidou,None,Q2185,OpenTapioca
Sant èspasyal gwiyannen,None,Q308987,OpenTapioca
Europa,None,Q46,OpenTapioca
rada,None,Q34442,OpenTapioca
Natal,None,Q19809,OpenTapioca
Libreville,None,Q3825,OpenTapioca
Malindi,None,Q271411,OpenTapioca
Kénya,None,Q114,OpenTapioca
Airbus Defence and Space,None,Q15529123,OpenTapioca
EADS Astrium,None,Q499207,OpenTapioca
délè,None,Q39766068,OpenTapioca
Ariane,None,Q1076063,OpenTapioca
ES,None,Q458,OpenTapioca
ST,None,Q1065,OpenTapioca
Nicolas Sarkozy,None,Q329,OpenTapioca
Lalin,None,Q1374736,OpenTapioca
Vitès,None,Q96739294,OpenTapioca
Mannan,None,Q202393,OpenTapioca
Lipè,None,Q153945,OpenTapioca
Sophie,None,Q472,OpenTapioca
Jean Demailly,None,Q3175552,OpenTapioca
Sayil,None,Q1419214,OpenTapioca
Gras,None,Q13298,OpenTapioca
Bengalo,None,Q80338,OpenTapioca
Sahul,None,Q3960,OpenTapioca
Sent-Lisi,None,Q760,OpenTapioca
bazé,None,Q95400704,OpenTapioca
Dékou,None,Q22619942,OpenTapioca
pik,None,Q95169069,OpenTapioca
Sentlisi,None,Q760,OpenTapioca
Sen-Loran,None,Q200242,OpenTapioca
Kan di,None,Q7395,OpenTapioca
Chit,None,Q55582520,OpenTapioca
Voltaire,None,Q9068,OpenTapioca
Aruba,1093,Q21203,Wikipedia
Curaçao,1199,Q25279,Wikipedia
Sòl-ya,None,Q1097484,OpenTapioca
Sen Jòrj,None,Q1022735,OpenTapioca
Sennmari,None,Q948333,OpenTapioca
Laba,None,Q1644,OpenTapioca
Sinnamary,None,Q948333,OpenTapioca
Maria,None,Q345,OpenTapioca
projé,None,Q170584,OpenTapioca
Collot d'Herbois,None,Q278020,OpenTapioca
François Barthélemy,None,Q1450903,OpenTapioca
François Barbé-Marbois,None,Q708732,OpenTapioca
André-Daniel Laffon de Ladebat,None,Q2847030,OpenTapioca
Guillaume Alexandre Tronson,None,Q3119634,OpenTapioca
Amédée Willot,None,Q2844717,OpenTapioca
François Aubry,None,Q3084380,OpenTapioca
Bourdon de l'Oise,None,Q716340,OpenTapioca
Anprò,None,Q2844470,OpenTapioca
Napoléon,None,Q517,OpenTapioca
Carolingiens,None,Q133602,OpenTapioca
Frédéric Barberousse,None,Q79789,OpenTapioca
So o,None,Q701639,OpenTapioca
Sala,None,Q1678,OpenTapioca
Fourni,None,Q608379,OpenTapioca
Durgā,None,Q956602,OpenTapioca
Kālī,None,Q51103,OpenTapioca
Shen Kuo,None,Q270085,OpenTapioca
Shěn Kuò,None,Q270085,OpenTapioca
EFEO,None,Q273559,OpenTapioca
Shen Kua,None,Q270085,OpenTapioca
Shen Gua,None,Q270085,OpenTapioca
Hangzhou,None,Q4970,OpenTapioca
ALA,None,Q5689,OpenTapioca
LC,None,Q760,OpenTapioca
Iran(Gran Iran,None,Q25763,OpenTapioca
Ferdowsi,None,Q43459,OpenTapioca
Sigmund Freud,None,Q9215,OpenTapioca
Sigismund Schlomo Freud,None,Q9215,OpenTapioca
Freiberg,None,Q654019,OpenTapioca
Otrich,None,Q40,OpenTapioca
Répiblik tchèk,None,Q213,OpenTapioca
Médsen,None,Q29101234,OpenTapioca
Gurû Nanak,None,Q83322,OpenTapioca
शिक्ष,None,Q234783,OpenTapioca
Si,None,Q837855,OpenTapioca
jou,1443,Q573,Wikipedia
Sinéma,None,Q6100993,OpenTapioca
SN,None,Q1065,OpenTapioca
سوريا,None,Q858,OpenTapioca
SE,None,Q34,OpenTapioca
Birmani,None,Q836,OpenTapioca
Mèt,None,Q160236,OpenTapioca
SI,None,Q215,OpenTapioca
Sivilizasyon di valé di Indus,None,Q42534,OpenTapioca
Indus,None,Q7348,OpenTapioca
Slovaki,None,Q214,OpenTapioca
Slovensko,None,Q214,OpenTapioca
Slovenská republika,None,Q214,OpenTapioca
Sofòkl,None,Q7235,OpenTapioca
Σοφοκλῆς,None,Q7235,OpenTapioca
Sophoklễs,None,Q7235,OpenTapioca
Eschyle,None,Q40939,OpenTapioca
Euripide,None,Q48305,OpenTapioca
Σωκράτης,None,Q913,OpenTapioca
Sōkrátēs,None,Q913,OpenTapioca
Filozòf,None,Q351026,OpenTapioca
Démétrios de Phalère,None,Q313286,OpenTapioca
Maxime de Tyr,None,Q456649,OpenTapioca
Soliman,None,Q8474,OpenTapioca
I. Süleyman,None,Q8474,OpenTapioca
Trébizonde,None,Q45301,OpenTapioca
Trabzon,None,Q45301,OpenTapioca
Tirki,None,Q43,OpenTapioca
Szigetvár,None,Q373542,OpenTapioca
Ongri,None,Q28,OpenTapioca
Soliman le Magnifique,None,Q8474,OpenTapioca
Kanuni,None,Q8474,OpenTapioca
Fika,None,Q5448220,OpenTapioca
syans moun ké sosyal,2618,Q33122512,Wikipedia
Ferdinand Tönnies,None,Q21163,OpenTapioca
Tönnies,None,Q21163,OpenTapioca
son,None,Q4174776,OpenTapioca
Gwiyannan,1364,Q734,Wikipedia
Desi Bouterse,None,Q57667,OpenTapioca
Surinam,None,Q730,OpenTapioca
Candide,None,Q40141,OpenTapioca
Suriname,None,Q730,OpenTapioca
Karib,None,Q664609,OpenTapioca
Toupi,None,Q10942047,OpenTapioca
Demerara,None,Q1185362,OpenTapioca
Francis Willoughby de Parham,None,Q1772473,OpenTapioca
l’Essequibo,None,Q816253,OpenTapioca
d’Amsterdam,None,Q727,OpenTapioca
Kolon,None,Q365,OpenTapioca
Paramaribo,None,Q3001,OpenTapioca
Brokopondo,None,Q847680,OpenTapioca
Commewijne,None,Q952510,OpenTapioca
Marowijne,None,Q1140897,OpenTapioca
Nickerie,None,Q1147515,OpenTapioca
Sipaliwini,None,Q1130138,OpenTapioca
a(OMS,None,Q7817,OpenTapioca
3 − 2,None,Q222978,OpenTapioca
ISS(en,None,Q25271,OpenTapioca
International Space Station,None,Q25271,OpenTapioca
МКС,None,Q25271,OpenTapioca
EEE,None,Q8932,OpenTapioca
ISS(daprè,None,Q25271,OpenTapioca
NASA,None,Q23548,OpenTapioca
Ronald Reagan,None,Q9960,OpenTapioca
divèrsité,None,Q62061951,OpenTapioca
Salisbury,None,Q3921,OpenTapioca
Anglétèr,None,Q1991154,OpenTapioca
Sumer,None,Q35355,OpenTapioca
J. K.,None,Q34660,OpenTapioca
J.‑K.,None,Q34660,OpenTapioca
Bonaparte,None,Q517,OpenTapioca
American Political Science Association,None,Q433211,OpenTapioca
Tèrm,None,Q722262,OpenTapioca
São Paulo,None,Q174,OpenTapioca
Sao Paulo,None,Q174,OpenTapioca
Mexico,None,Q1489,OpenTapioca
Srbija,None,Q403,OpenTapioca
Republika Srbija,None,Q403,OpenTapioca
tèt,None,Q404542,OpenTapioca
Kiltir,1958,Q11042,Wikipedia
litératir,2150,Q8242,Wikipedia
lanmizik,2074,Q638,Wikipedia
dans,1203,Q11639,Wikipedia
tchwizin,2658,Q38695,Wikipedia
sinéma,2568,Q590870,Wikipedia
désen,1248,Q82604,Wikipedia
skiltir,2577,Q11634,Wikipedia
archipel,1081,Q33837,Wikipedia
Giné-Biso,1334,Q1007,Wikipedia
Justinien,None,Q41866,OpenTapioca
Sn)sa,None,Q2750982,OpenTapioca
kiz,None,Q1755249,OpenTapioca
rar,None,Q16764522,OpenTapioca
Mendeleïev,None,Q9106,OpenTapioca
Dmitri Mendeleïev,None,Q9106,OpenTapioca
Tadjikistan,None,Q863,OpenTapioca
Tojikiston,None,Q863,OpenTapioca
Тоҷикистон,None,Q863,OpenTapioca
Jumhurii Tojikiston,None,Q863,OpenTapioca
Ҷумҳурии Тоҷикистон,None,Q863,OpenTapioca
Taj Mahal,None,Q9141,OpenTapioca
ताजमहल,None,Q9141,OpenTapioca
تاج محل,None,Q9141,OpenTapioca
Agra,None,Q42941,OpenTapioca
Yamuna,None,Q132726,OpenTapioca
Uttar Pradesh,None,Q1498,OpenTapioca
Shâh Jahân,None,Q83672,OpenTapioca
Arjumand Bânu Begam,None,Q231693,OpenTapioca
Mumtaz Mahal,None,Q231693,OpenTapioca
Jérusalem,None,Q1218,OpenTapioca
Tamil Nadu,None,Q1445,OpenTapioca
Pondichéry,None,Q66743,OpenTapioca
Singapour,None,Q334,OpenTapioca
Sri Lanka,None,Q854,OpenTapioca
Fidji,None,Q712,OpenTapioca
Moris,None,Q1027,OpenTapioca
Lao Tseu,None,Q9333,OpenTapioca
Zhuāngzǐ,None,Q47739,OpenTapioca
Tchouang Tseu,None,Q47739,OpenTapioca
Plaek Phibunsongkhram,None,Q152777,OpenTapioca
Kra,None,Q322356,OpenTapioca
Malé,None,Q233,OpenTapioca
Chao Phraya,None,Q118850,OpenTapioca
Maenam Chao Phraya,None,Q118850,OpenTapioca
Mae Nam,None,Q118850,OpenTapioca
Doi Inthanon,None,Q1140075,OpenTapioca
bòdé,None,Q1819599,OpenTapioca
theravāda,None,Q132265,OpenTapioca
Krung Thep,None,Q1861,OpenTapioca
Si,None,Q16132458,OpenTapioca
Taylandé,None,Q869,OpenTapioca
Lao,None,Q819,OpenTapioca
Taywan,None,Q865,OpenTapioca
中华民国,None,Q865,OpenTapioca
中華民國,None,Q865,OpenTapioca
Zhōnghuá Mínguó,None,Q865,OpenTapioca
Taïwan,None,Q865,OpenTapioca
Kamroun,1481,Q1009,Wikipedia
Répiblik santrafrikenn,2507,Q929,Wikipedia
Soudan,2596,Q1049,Wikipedia
len,None,Q188063,OpenTapioca
lenn,None,Q23397,OpenTapioca
fib,None,Q6050400,OpenTapioca
Ludwig Boltzmann,None,Q84296,OpenTapioca
Thomas Alva Edison,None,Q8743,OpenTapioca
Milan,None,Q490,OpenTapioca
Ohio,None,Q1397,OpenTapioca
West Orange,None,Q932601,OpenTapioca
New Jersey,None,Q1408,OpenTapioca
General Electric,None,Q54173,OpenTapioca
Thomas d'Aquin,None,Q9438,OpenTapioca
Roccasecca,None,Q117211,OpenTapioca
Fossanova,None,Q1775258,OpenTapioca
Priverno,None,Q128139,OpenTapioca
Pie V,None,Q131945,OpenTapioca
Léon XIII,None,Q43922,OpenTapioca
granmoun,1347,Q167918,Wikipedia
Bilgari,1133,Q219,Wikipedia
Arméni,1090,Q399,Wikipedia
Iran,1389,Q794,Wikipedia
Irak,1388,Q796,Wikipedia
Siri,2570,Q858,Wikipedia
Japon,1428,Q17,Wikipedia
Ékòs,None,Q22,OpenTapioca
Gran Tour,None,Q50815660,OpenTapioca
d’Éjip antik,None,Q11768,OpenTapioca
Vénézwéla,2734,Q717,Wikipedia
grav,None,Q523166,OpenTapioca
di an,None,Q45689595,OpenTapioca
apé,None,Q10884,OpenTapioca
"yan, san",None,Q45452317,OpenTapioca
Aprè,None,Q1102400,OpenTapioca
mobil,None,Q3088656,OpenTapioca
Nouvèl-Kalédoni,None,Q33788,OpenTapioca
Swisscom,None,Q644324,OpenTapioca
Antonio Meucci,None,Q273314,OpenTapioca
Guglielmo Marconi,None,Q36488,OpenTapioca
Flavius Josèphe,None,Q134461,OpenTapioca
Émile Borel,None,Q154356,OpenTapioca
John von Neumann,None,Q17455,OpenTapioca
Oskar Morgenstern,None,Q94028,OpenTapioca
Games and Economic Behavior,None,Q5520105,OpenTapioca
Albert Einstein,None,Q937,OpenTapioca
Alfred Bucherer,None,Q76799,OpenTapioca
Rig,None,Q1773,OpenTapioca
lendi,2125,Q105,Wikipedia
dimanch,1214,Q132,Wikipedia
Vasco da Gama,None,Q7328,OpenTapioca
Sines,None,Q372922,OpenTapioca
Cochin,None,Q1800,OpenTapioca
Ven,None,Q1741,OpenTapioca
Vincent Willem van Gogh,None,Q5582,OpenTapioca
vãn,None,Q686,OpenTapioca
Zundert(Péyi-Ba,None,Q29999,OpenTapioca
Auvers-sur-Oise,None,Q212406,OpenTapioca
Van Gogh,None,Q5582,OpenTapioca
Virjil,None,Q1398,OpenTapioca
Publius Vergilius Maro,None,Q1398,OpenTapioca
Andes,None,Q5456,OpenTapioca
Lombardie,None,Q1210,OpenTapioca
Brindes,None,Q13496,OpenTapioca
"Nam, Viet",None,Q827040,OpenTapioca
Vietnam,None,Q881,OpenTapioca
Viêtnam,None,Q881,OpenTapioca
Viêt Nam,None,Q881,OpenTapioca
Việt Nam,None,Q881,OpenTapioca
Bann,None,Q70,OpenTapioca
poson,2435,Q152,Wikipedia
Vénis,None,Q641,OpenTapioca
Caracas,None,Q1533,OpenTapioca
Alonso de Ojeda,None,Q313369,OpenTapioca
Maracaibo,None,Q171632,OpenTapioca
Nueva Cadiz,None,Q985518,OpenTapioca
Cubagua,None,Q1142895,OpenTapioca
Cumana,None,Q205824,OpenTapioca
Coro,None,Q1134454,OpenTapioca
Bartholomé Welser,None,Q75686,OpenTapioca
El Dorado,None,Q108093,OpenTapioca
Trump,None,Q22686,OpenTapioca
Nicolas Maduro,None,Q58132,OpenTapioca
The New York Times,None,Q9684,OpenTapioca
New York Times,None,Q9684,OpenTapioca
Salto Ángel,None,Q80299,OpenTapioca
Margarita,None,Q334738,OpenTapioca
Sourinanm,2600,Q730,Wikipedia
Kristyanism,2015,Q5043,Wikipedia
Walter Elias Disney,None,Q8704,OpenTapioca
Walt Disney,None,Q8704,OpenTapioca
Chicago (Illinois,None,Q1297,OpenTapioca
Burbank,None,Q39561,OpenTapioca
Walt Disney Company,None,Q7414,OpenTapioca
Walt Disney,None,Q7414,OpenTapioca
park,None,Q54114,OpenTapioca
Entèrnèt,1384,Q75,Wikipedia
CC,None,Q36004,OpenTapioca
BY,None,Q184,OpenTapioca
SA,None,Q258,OpenTapioca
Wikipédja,None,Q52,OpenTapioca
Agatha Christie,None,Q35064,OpenTapioca
Jules Verne,None,Q33977,OpenTapioca
Johannes Chrysostomus Wolfgangus Theophilus Mozart,None,Q254,OpenTapioca
Wolfgang Amadeus Mozart,None,Q254,OpenTapioca
Salzbourg,None,Q34713,OpenTapioca
stad,None,Q12292478,OpenTapioca
CERN,None,Q42944,OpenTapioca
Tim Berners-Lee,None,Q80,OpenTapioca
Yakoubo,None,Q432072,OpenTapioca
Pierre Huguet,None,Q51078800,OpenTapioca
Yangzi Jiang,None,Q5413,OpenTapioca
扬子江,None,Q5413,OpenTapioca
揚子江,None,Q5413,OpenTapioca
Yángzǐ Jiāng,None,Q5413,OpenTapioca
Yangzi,None,Q5413,OpenTapioca
Chang Jiang,None,Q5413,OpenTapioca
Chángjiāng,None,Q5413,OpenTapioca
Yang-Tsé-Kiang,None,Q5413,OpenTapioca
Yémen,None,Q805,OpenTapioca
Yaman,None,Q805,OpenTapioca
Zheng He,None,Q7333,OpenTapioca
Zhèng Hé,None,Q7333,OpenTapioca
Cheng⁴ Ho²,None,Q7333,OpenTapioca
Ho,None,Q23397,OpenTapioca
Sanbao,None,Q7333,OpenTapioca
Sānbǎo,None,Q7333,OpenTapioca
dilo,1210,Q283,Wikipedia
lak,2052,Q23397,Wikipedia
Dannmark,1202,Q35,Wikipedia
Zil Marianne di Nó,None,Q16644,OpenTapioca
Marianne,None,Q153732,OpenTapioca
Kazan-rettō,None,Q1141683,OpenTapioca
archipèl d'Ogasawara,None,Q13383295,OpenTapioca
Zil Marshall,None,Q709,OpenTapioca
Marshall,None,Q709,OpenTapioca
Aolepān Aorōkin M̧ajeļ,None,Q709,OpenTapioca
Marshall Islands,None,Q709,OpenTapioca
Republic of the Marshall Islands,None,Q709,OpenTapioca
Nòrfòlk,None,Q31057,OpenTapioca
Nouvèl-Kalédonni,2352,Q33788,Wikipedia
United States Virgin Islands,None,Q11703,OpenTapioca
Zoroastre,None,Q35811,OpenTapioca
Zarathushtra,None,Q35811,OpenTapioca
Zarathoustra,None,Q35811,OpenTapioca
زرتشت,None,Q35811,OpenTapioca
Ζωροάστρης,None,Q35811,OpenTapioca
Zerdest,None,Q35811,OpenTapioca
safran,None,Q1886126,OpenTapioca
Néper,None,Q159592,OpenTapioca
Leonhard Euler,None,Q7604,OpenTapioca
John Napier,None,Q159592,OpenTapioca
Leibniz,None,Q9047,OpenTapioca
Christian Huygens,None,Q39599,OpenTapioca
castellano,None,Q5637470,OpenTapioca
-ĀRE,None,Q878,OpenTapioca
-ĒRE,None,Q30262247,OpenTapioca
Lagsan,None,Q32275334,OpenTapioca
Jibraltar,None,Q1410,OpenTapioca
Real Academia Española,None,Q11993457,OpenTapioca
RAE,None,Q11993457,OpenTapioca
Grès antik,None,Q11772,OpenTapioca
Éjip antik,None,Q11768,OpenTapioca
Margulis,None,Q234583,OpenTapioca
Cavalier-Smith,None,Q454117,OpenTapioca
Euclide,None,Q8747,OpenTapioca
Εὐκλείδης,None,Q8747,OpenTapioca
Eukleídês,None,Q8747,OpenTapioca
Ernst Haeckel,None,Q48246,OpenTapioca
Gaïa,None,Q2,OpenTapioca
langaj,2068,Q34770,Wikipedia
kiltir,1958,Q11042,Wikipedia
EKG,None,Q109771228,OpenTapioca
Tcherenkov,None,Q76970,OpenTapioca
Placentia,None,Q13329,OpenTapioca
Henri VIII,None,Q38370,OpenTapioca
Anne Boleyn,None,Q80823,OpenTapioca
Édouard VI,None,Q83229,OpenTapioca
Jeanne Grey,None,Q162356,OpenTapioca
Marie,None,Q345,OpenTapioca
VI,None,Q11703,OpenTapioca
Émirat arab ini,None,Q878,OpenTapioca
الإمارات العربية المتحدة,None,Q878,OpenTapioca
الإمارات,None,Q878,OpenTapioca
J). Pou,None,Q55404910,OpenTapioca
via,None,Q34442,OpenTapioca
Létchopi,2197,Q115,Wikipedia
Gregor Mendel,None,Q37970,OpenTapioca
ཇོ་མོ་གླང་མ,None,Q513,OpenTapioca
Qomolangma,None,Q513,OpenTapioca
Chomolungma,None,Q513,OpenTapioca
सगरमाथा,None,Q513,OpenTapioca
Sagarmāthā,None,Q513,OpenTapioca
Himalaya,None,Q5451,OpenTapioca
Népal,None,Q837,OpenTapioca
Sagarmatha,None,Q513,OpenTapioca
Tibet,None,Q17269,OpenTapioca
IR,None,Q794,OpenTapioca
Ouganda,2384,Q1036,Wikipedia
Wikipédja,2743,Q52,Wikipedia
Kriyòl Gwiyannen,2018,Q1363072,Wikipedia
1995,989,Q2068,Wikipedia
1960,954,Q3754,Wikipedia
Tokyo,2675,Q1490,Wikipedia
mask,None,Q32815,OpenTapioca
rélé,None,Q10894691,OpenTapioca
skull ring,3003,Q1935254,Wikipedia
Stooges,None,Q208767,OpenTapioca
Veliko Tarnovo,None,Q173474,OpenTapioca
Велико Търново,None,Q173474,OpenTapioca
Bilgari,None,Q219,OpenTapioca
Jul,None,Q16730480,OpenTapioca
Julien Mari,None,Q16730480,OpenTapioca
Marsèy,None,Q23482,OpenTapioca
ris,2479,Q7737,Wikipedia
1958,952,Q5253,Wikipedia
Moskou,2281,Q649,Wikipedia
Inyon di sé répiblik sosyalis sovyétik,1385,Q15180,Wikipedia
filozòf,1296,Q4964182,Wikipedia
risi,2480,Q159,Wikipedia
1970,964,Q2474,Wikipedia
Larjantin,2111,Q414,Wikipedia
Lilis,None,Q648,OpenTapioca
pous,None,Q19546,OpenTapioca
Selena Gomez,None,Q83287,OpenTapioca
Texas,None,Q1439,OpenTapioca
Billie Eilish,None,Q29564107,OpenTapioca
Hollywood,None,Q34006,OpenTapioca
kalandriyé julyen,1474,Q11184,Wikipedia
Égypte,None,Q79,OpenTapioca
Mahmud di Ghazni,None,Q189271,OpenTapioca
Ray,None,Q636188,OpenTapioca
Majd ad-Dawla,None,Q753475,OpenTapioca
Buyides,None,Q273874,OpenTapioca
Rouan,None,Q30974,OpenTapioca
Bec,None,Q1741,OpenTapioca
Liao,None,Q559661,OpenTapioca
Xia,None,Q9585,OpenTapioca
Song,None,Q7462,OpenTapioca
Shaanxi,None,Q47974,OpenTapioca
Fan Zhongyan,None,Q381822,OpenTapioca
Georges Maniakès,None,Q367718,OpenTapioca
Diarmait mac Mail na mBo,None,Q3026351,OpenTapioca
Leinster,None,Q159736,OpenTapioca
Proche-Orient,None,Q48214,OpenTapioca
Nasir al-Dawla,None,Q4164636,OpenTapioca
Al-Mustansir Billah,None,Q284619,OpenTapioca
Damas,None,Q3766,OpenTapioca
Malik Shah,None,Q311482,OpenTapioca
Tutuch,None,Q512593,OpenTapioca
Jaffa,None,Q33935,OpenTapioca
Castoria,None,Q206954,OpenTapioca
Tarente,None,Q13498,OpenTapioca
Clément III,None,Q336684,OpenTapioca
Pap,None,Q19546,OpenTapioca
Grégoire VII,None,Q133063,OpenTapioca
Constantin Dalassène,None,Q5163804,OpenTapioca
Kilitch Arslan,None,Q345544,OpenTapioca
Alep,None,Q41183,OpenTapioca
Yelü Dashi,None,Q1330091,OpenTapioca
Kara-Khitans,None,Q862304,OpenTapioca
Lý Anh Tông,None,Q705869,OpenTapioca
Đại Việt,None,Q430309,OpenTapioca
Mustadhi,None,Q293646,OpenTapioca
Bagdad,None,Q1530,OpenTapioca
Hōnen,None,Q507980,OpenTapioca
Genku,None,Q507980,OpenTapioca
Jōdo shū,None,Q912208,OpenTapioca
Taira no Tomomori,None,Q736706,OpenTapioca
Minamoto no Yukiie,None,Q2376525,OpenTapioca
Sunomata,None,Q7640962,OpenTapioca
Yahagigawa,None,Q1132256,OpenTapioca
Kinai,None,Q164256,OpenTapioca
Henri VI,None,Q160337,OpenTapioca
Chip,None,Q229,OpenTapioca
d’Arméni,None,Q399,OpenTapioca
Alexis III Ange,None,Q37065,OpenTapioca
Souabe,None,Q11812551,OpenTapioca
Temüjin,None,Q720,OpenTapioca
Djamuka,None,Q334518,OpenTapioca
Gengis Khan,None,Q720,OpenTapioca
Péken,None,Q956,OpenTapioca
Dormition,None,Q4069073,OpenTapioca
Smolensk,None,Q2347,OpenTapioca
Ascalon,None,Q60956,OpenTapioca
Sakya Pandita,None,Q982008,OpenTapioca
Sakyapa,None,Q650035,OpenTapioca
Goden,None,Q41390,OpenTapioca
Alphonse III,None,Q336855,OpenTapioca
Louis IV de Bavière,None,Q57161,OpenTapioca
Mogholistan,None,Q1191125,OpenTapioca
Mayans,None,Q28567,OpenTapioca
Avignon,None,Q6397,OpenTapioca
Karant,None,Q1148819,OpenTapioca
Nicolò de' Conti,None,Q442610,OpenTapioca
Vijayanagar,None,Q167639,OpenTapioca
mèrkrédi,2303,Q128,Wikipedia
jédi,1457,Q129,Wikipedia
sanmdi,2528,Q131,Wikipedia
vandrédi,2711,Q130,Wikipedia
Juan de las Cabezas Altamirano,None,Q3187852,OpenTapioca
Santiago,None,Q2887,OpenTapioca
Risi,2480,Q159,Wikipedia
Abolisyon di lèsklavaj,None,Q169390,OpenTapioca
Abraham Lincoln,None,Q91,OpenTapioca
Kentucky,None,Q1603,OpenTapioca
"Washington, D.C.",None,Q61,OpenTapioca
Jordani,None,Q810,OpenTapioca
Israyèl,None,Q801,OpenTapioca
Palestin,None,Q219060,OpenTapioca
Liban,None,Q822,OpenTapioca
Libi,None,Q1016,OpenTapioca
Achéménid,None,Q389688,OpenTapioca
pèrs,None,Q1193236,OpenTapioca
Haxāmanišiya,None,Q389688,OpenTapioca
Mèd,None,Q183544,OpenTapioca
Adi Shankara,None,Q180967,OpenTapioca
Ādi Śaṅkara,None,Q180967,OpenTapioca
आदि शङ्कर,None,Q180967,OpenTapioca
Śaṅkarācārya,None,Q180967,OpenTapioca
Śaṅkara,None,Q180967,OpenTapioca
Śaṃkara,None,Q180967,OpenTapioca
Adolf Hitler,None,Q352,OpenTapioca
Braunau am Inn,None,Q131128,OpenTapioca
Otrich é,None,Q40,OpenTapioca
NSDAP,None,Q7320,OpenTapioca
AVS,None,Q30259093,OpenTapioca
vasikilè(ASV,None,Q30,OpenTapioca
Muhammad,None,Q9458,OpenTapioca
Al-Khwarizmi,None,Q9038,OpenTapioca
Algoritmi,None,Q9038,OpenTapioca
Khiva,None,Q486195,OpenTapioca
Khwarezm,None,Q487561,OpenTapioca
Ouzbékistan,None,Q265,OpenTapioca
Alan Mathison Turing,None,Q7251,OpenTapioca
Wilmslow,None,Q2011497,OpenTapioca
Ulm,None,Q3012,OpenTapioca
Wurtemberg,None,Q159631,OpenTapioca
Princeton,None,Q21578,OpenTapioca
Mileva Marić,None,Q76346,OpenTapioca
Aleksann Gran-an,None,Q8409,OpenTapioca
Mégas Aléxandros,None,Q3853950,OpenTapioca
Ἀλέξανδρος Γ' ὁ Μακεδών,None,Q8409,OpenTapioca
Pella,None,Q213679,OpenTapioca
Grès,None,Q41,OpenTapioca
Babylone(atchwèlman,None,Q5684,OpenTapioca
Al-Khwârizmî,None,Q9038,OpenTapioca
الخوارزمي,None,Q9038,OpenTapioca
ʿAlī ibn Abī T̩ālib,None,Q39619,OpenTapioca
أبو الحسن,None,Q168705,OpenTapioca
علي بن أبي طالب,None,Q39619,OpenTapioca
ابو طالب,None,Q297913,OpenTapioca
Ali,None,Q39619,OpenTapioca
ʿAlī,None,Q39619,OpenTapioca
Fâtima,None,Q180123,OpenTapioca
Terre,None,Q2,OpenTapioca
li. Li,None,Q57955744,OpenTapioca
Alp,None,Q1286,OpenTapioca
Monaco,None,Q235,OpenTapioca
Liechtenstein,None,Q347,OpenTapioca
Slovéni,None,Q215,OpenTapioca
Kòl,None,Q23397,OpenTapioca
tétrapòd,None,Q679780,OpenTapioca
tétrapod,None,Q679780,OpenTapioca
Ini. I,None,Q1277728,OpenTapioca
Constantinople,None,Q406,OpenTapioca
Byzance,None,Q23725,OpenTapioca
Pars Occidentalis,None,Q42834,OpenTapioca
Ravenne,None,Q13364,OpenTapioca
Osmanlı İmparatorluğu,None,Q12560,OpenTapioca
Osmanlı Devleti,None,Q12560,OpenTapioca
Söğüt,None,Q768506,OpenTapioca
Bilecik,None,Q46763,OpenTapioca
Ampir romen,None,Q2277,OpenTapioca
Ampir byzanten,None,Q12544,OpenTapioca
Até,None,Q207632,OpenTapioca
Newton,None,Q935,OpenTapioca
Gottfried Wilhelm Leibniz,None,Q9047,OpenTapioca
Cauchy,None,Q8814,OpenTapioca
Joseph Déjacque,None,Q2423099,OpenTapioca
Ang,None,Q21,OpenTapioca
Angkor Vat,None,Q43473,OpenTapioca
Angkor Wat,None,Q43473,OpenTapioca
ប្រាសាទអង្គរវត្ត,None,Q43473,OpenTapioca
Kanbòdj,None,Q424,OpenTapioca
Suryavarman II,None,Q313298,OpenTapioca
LE,None,Q199462,OpenTapioca
Nouvèl-Zélann,None,Q664,OpenTapioca
Hong-Kong,None,Q8646,OpenTapioca
Nòrmandi,None,Q18677875,OpenTapioca
cupola,None,Q12493,OpenTapioca
é i,None,Q5322331,OpenTapioca
Benjamin Franklin,None,Q34969,OpenTapioca
George Bernard Shaw,None,Q19185,OpenTapioca
Jean-Pierre Cléro,None,Q55620828,OpenTapioca
Kontinan,1993,Q5107,Wikipedia
Préistwè,2451,Q11756,Wikipedia
Antoine Laurent Lavoisier,None,Q39607,OpenTapioca
Lavoisier,None,Q39607,OpenTapioca
Antoni van Leeuwenhoek,None,Q43522,OpenTapioca
Delft,None,Q33432813,OpenTapioca
Jan Swammerdam,None,Q336794,OpenTapioca
Richard Dedekind,None,Q76556,OpenTapioca
zéro,None,Q136046,OpenTapioca
aks,None,Q628419,OpenTapioca
"1, 2, 3",None,Q437477,OpenTapioca
"−1, −2, −3",None,Q437477,OpenTapioca
Crevaux,None,Q552051,OpenTapioca
Bois Martin,None,Q1169920,OpenTapioca
niméro di téléfonn,2339,Q214995,Wikipedia
العربية,None,Q31945,OpenTapioca
السّعودية,None,Q193183,OpenTapioca
Saoud,None,Q31711,OpenTapioca
Ibn Séoud,None,Q151509,OpenTapioca
Archaea,None,Q15749211,OpenTapioca
Carl,None,Q1043,OpenTapioca
Archimède,None,Q8739,OpenTapioca
Syracuse,None,Q13670,OpenTapioca
Ἀρχιμήδης,None,Q8739,OpenTapioca
Arkhimếdês,None,Q8739,OpenTapioca
Sicile,None,Q1460,OpenTapioca
Platon,2421,Q859,Wikipedia
byoloji,1165,Q420,Wikipedia
fizik,1301,Q413,Wikipedia
métafizik,2313,Q35277,Wikipedia
lojik,2153,Q8078,Wikipedia
politik,2427,Q7163,Wikipedia
Romen,None,Q212974,OpenTapioca
Ark,None,Q1612,OpenTapioca
Alaska,None,Q797,OpenTapioca
Groenland,None,Q223,OpenTapioca
Norvèj,None,Q20,OpenTapioca
Islann,None,Q189,OpenTapioca
Hiroshima,None,Q34664,OpenTapioca
Nagasaki,None,Q38234,OpenTapioca
Arméni,None,Q399,OpenTapioca
Hayastan,None,Q399,OpenTapioca
Հայաստան,None,Q399,OpenTapioca
Հայաստանի Հանրապետություն,None,Q399,OpenTapioca
font,None,Q124714,OpenTapioca
Tisza,None,Q134350,OpenTapioca
Attila le Hun,None,Q36724,OpenTapioca
Hun,None,Q45813,OpenTapioca
Auguste,None,Q1405,OpenTapioca
Augustus,None,Q1405,OpenTapioca
Caius Octavius,None,Q1405,OpenTapioca
Octave,None,Q1405,OpenTapioca
Octavien,None,Q1405,OpenTapioca
Imperator Caesar Divi Filius Augustus,None,Q1405,OpenTapioca
Nola,None,Q72288,OpenTapioca
tonton,None,Q53677440,OpenTapioca
Ibn Sina,None,Q8011,OpenTapioca
Avicenne,None,Q8011,OpenTapioca
Ibn Sīnā,None,Q8011,OpenTapioca
ابن سینا,None,Q8011,OpenTapioca
Boukhara,None,Q5764,OpenTapioca
Gran Khorasan(atchwèlman,None,Q2352322,OpenTapioca
Hamadan,None,Q187373,OpenTapioca
Awala Yalimapo,None,Q791602,OpenTapioca
lit,None,Q29124072,OpenTapioca
nit,None,Q83970027,OpenTapioca
The Bahamas,None,Q778,OpenTapioca
Persan,None,Q83311,OpenTapioca
Mīrzā Ḥusayn-ʿAlī,None,Q101054,OpenTapioca
Bahāʾ-Allāh,None,Q101054,OpenTapioca
Bahá’u’lláh,None,Q101054,OpenTapioca
বাংলাদেশ,None,Q902,OpenTapioca
Bengal,None,Q80338,OpenTapioca
গণপ্রজাতন্ত্রী বাংলাদেশ,None,Q902,OpenTapioca
BD,None,Q30,OpenTapioca
Florans,None,Q2044,OpenTapioca
Philippe Beaussant,None,Q766776,OpenTapioca
البحرين,None,Q398,OpenTapioca
Baréyn,None,Q398,OpenTapioca
مملكة البحرين,None,Q398,OpenTapioca
Baḥrayn,None,Q398,OpenTapioca
Bengali,None,Q80338,OpenTapioca
bangla,None,Q3350196,OpenTapioca
Philadelphie,None,Q1345,OpenTapioca
Ségnò,None,Q24033788,OpenTapioca
Georges Lemaître,None,Q12998,OpenTapioca
Edwin Hubble,None,Q43027,OpenTapioca
BBC,None,Q9531,OpenTapioca
Bolivia,None,Q750,OpenTapioca
Estado Plurinacional de Bolivia,None,Q750,OpenTapioca
Wuliwya,None,Q750,OpenTapioca
Volívia,None,Q750,OpenTapioca
Charcas,None,Q2907,OpenTapioca
Tiahuanaco,None,Q61750,OpenTapioca
Potosí,None,Q238079,OpenTapioca
Río de la Plata,None,Q35827,OpenTapioca
Bolívar,None,Q8605,OpenTapioca
Bolivar,None,Q8605,OpenTapioca
"Potosi, La Paz and Peruvian Mining Association",None,Q16670821,OpenTapioca
Nevado Sajama,None,Q272593,OpenTapioca
Nevado Illimani,None,Q148521,OpenTapioca
Illampu,None,Q1139395,OpenTapioca
La Paz,None,Q1491,OpenTapioca
Oriente,None,Q677348,OpenTapioca
Samaipata,None,Q1014461,OpenTapioca
Bombay,None,Q1156,OpenTapioca
Mumbai,None,Q1156,OpenTapioca
मुंबई(mumbaī,None,Q1156,OpenTapioca
Maharashtra,None,Q1191,OpenTapioca
Navi Mumbai,None,Q61445,OpenTapioca
Thane,None,Q943099,OpenTapioca
éré,None,Q16911049,OpenTapioca
Tit,None,Q1421,OpenTapioca
बुद्ध,None,Q9441,OpenTapioca
Mahāyāna,None,Q48362,OpenTapioca
जिन,None,Q29445,OpenTapioca
तथागत,None,Q9441,OpenTapioca
Tathāgata,None,Q9441,OpenTapioca
Siddhartha Gautama,None,Q9441,OpenTapioca
mahāyāna,None,Q48362,OpenTapioca
महायान,None,Q48362,OpenTapioca
Tarim,None,Q237901,OpenTapioca
Bouddha,None,Q9441,OpenTapioca
Śākyamūni,None,Q9441,OpenTapioca
Tibet,None,Q17252,OpenTapioca
Désimal,None,Q4037237,OpenTapioca
Malézi,2222,Q833,Wikipedia
potidjé,2437,Q5146,Wikipedia
Lanmérik laten,2085,Q12585,Wikipedia
FMI,None,Q7804,OpenTapioca
Estados Unidos do Brasil,None,Q210542,OpenTapioca
República Federativa do Brasil(Répiblik,None,Q155,OpenTapioca
Pierre Ier,None,Q98851482,OpenTapioca
Pedro I,None,Q8479,OpenTapioca
Habsbourg,None,Q65968,OpenTapioca
Rio de Janeiro,None,Q8678,OpenTapioca
Ordem e Progresso,None,Q66739724,OpenTapioca
dat,None,Q4027913,OpenTapioca
Pedro Álvares Cabral,None,Q174432,OpenTapioca
Alexandre VI,None,Q108316,OpenTapioca
Tomé de Souza,None,Q2554759,OpenTapioca
Dom Pedro,None,Q156774,OpenTapioca
Fernando de Noronha,None,Q175057,OpenTapioca
Atoll das Rocas,None,Q241074,OpenTapioca
Saint Pierre,None,Q33923,OpenTapioca
Saint Paul,None,Q175,OpenTapioca
Martin Vaz,None,Q1903173,OpenTapioca
NF,None,Q31057,OpenTapioca
konkrèt,None,Q164199,OpenTapioca
OCDE,None,Q41550,OpenTapioca
Péyi-Ba,2467,Q29999,Wikipedia
Belize,None,Q242,OpenTapioca
Belice,None,Q242,OpenTapioca
Johann Carl Friedrich Gauß,None,Q6722,OpenTapioca
Carolus Fridericus Gauss,None,Q6722,OpenTapioca
Brunswick,None,Q2773,OpenTapioca
Göttingen,None,Q3033,OpenTapioca
Carl Linnæus,None,Q1043,OpenTapioca
Carl von Linné,None,Q1043,OpenTapioca
Råshult,None,Q927776,OpenTapioca
Chamanism,None,Q42042,OpenTapioca
British Army,None,Q222595,OpenTapioca
Winston Churchill,None,Q8016,OpenTapioca
Charlemagne,None,Q3044,OpenTapioca
Carolus Magnus,None,Q3044,OpenTapioca
Aix-la-Chapelle,None,Q1017,OpenTapioca
Franc,None,Q43482,OpenTapioca
Carolingien,None,Q133602,OpenTapioca
Pépin le Bref,None,Q81212,OpenTapioca
Léon III,None,Q132086,OpenTapioca
Charles Darwin,None,Q1035,OpenTapioca
Shrewsbury,None,Q201970,OpenTapioca
Shropshire,None,Q23103,OpenTapioca
Downe,None,Q125344,OpenTapioca
Fernand de Magellan,None,Q1496,OpenTapioca
Chile,None,Q298,OpenTapioca
Diego de Almagro,None,Q13033,OpenTapioca
Pedro de Valdivia,None,Q203534,OpenTapioca
Valdivia,None,Q160687,OpenTapioca
Estremadure,None,Q5777,OpenTapioca
qu’Alonso de Ercilla,None,Q357620,OpenTapioca
La Araucana,None,Q23641411,OpenTapioca
Patri,None,Q133123,OpenTapioca
Rancagua,None,Q4582,OpenTapioca
Mendoza,None,Q44797,OpenTapioca
Chacabuco,None,Q201247,OpenTapioca
Bernardo O’Higgins,None,Q28930,OpenTapioca
Chimen,None,Q31854349,OpenTapioca
applé,None,Q312,OpenTapioca
Κύπρος,None,Q229,OpenTapioca
Kýpros,None,Q229,OpenTapioca
Κυπριακή Δημοκρατία,None,Q229,OpenTapioca
Kıbrıs,None,Q229,OpenTapioca
Kıbrıs Cumhuriyeti,None,Q229,OpenTapioca
Claude Monet,None,Q296,OpenTapioca
Giverny,None,Q165061,OpenTapioca
Havre,None,Q42810,OpenTapioca
Confucius,None,Q4604,OpenTapioca
Kǒng Zǐ,None,Q4604,OpenTapioca
K'ung³-tzu³,None,Q4604,OpenTapioca
Qufu,None,Q210287,OpenTapioca
Flavius Valerius Aurelius Constantinus,None,Q8413,OpenTapioca
Naissus,None,Q129259,OpenTapioca
Niš,None,Q129259,OpenTapioca
Constantin Ier,None,Q8413,OpenTapioca
Grann Brétagn,None,Q23666,OpenTapioca
República de Costa Rica,None,Q800,OpenTapioca
Cyrus II,None,Q8423,OpenTapioca
Cyrus le Grand,None,Q8423,OpenTapioca
Dante Alighieri,None,Q1067,OpenTapioca
Durante degli Alighieri,None,Q1067,OpenTapioca
Dante,None,Q1067,OpenTapioca
Pétrarque,None,Q1401,OpenTapioca
Solèy,2586,Q525,Wikipedia
David Hilbert,None,Q41585,OpenTapioca
Königsberg,None,Q1829,OpenTapioca
Diego Rodríguez de Silva y Velázquez,None,Q297,OpenTapioca
Diego Velázquez,None,Q297,OpenTapioca
Séville,None,Q8717,OpenTapioca
langue française,None,Q5512853,OpenTapioca
Dilo,None,Q9310,OpenTapioca
Ma,None,Q2,OpenTapioca
nét,None,Q4545456,OpenTapioca
a a÷b,None,Q95175607,OpenTapioca
a a,None,Q95175607,OpenTapioca
Blaise Pascal,None,Q1290,OpenTapioca
Djosèz di Kayenn,None,Q867770,OpenTapioca
Dioecesis Caiennensis,None,Q867770,OpenTapioca
Emmanuel Lafont,None,Q290073,OpenTapioca
Pie XI,None,Q42323,OpenTapioca
diocèse de Cayenne,None,Q867770,OpenTapioca
Pie XII,None,Q2604,OpenTapioca
Sen-Pyèr,None,Q249884,OpenTapioca
Дмитрий Иванович Менделеев,None,Q9106,OpenTapioca
Saint-Pétersbourg,None,Q656,OpenTapioca
Kannanda,1485,Q16,Wikipedia
Zimbabwe,None,Q954,OpenTapioca
Micronésie,None,Q702,OpenTapioca
Palaos,None,Q695,OpenTapioca
Panama,None,Q804,OpenTapioca
Salvador,None,Q792,OpenTapioca
Timor oriental,None,Q574,OpenTapioca
Îles Turques,None,Q1623251,OpenTapioca
Îles Vierges,None,Q26262,OpenTapioca
US$,None,Q30,OpenTapioca
Dominik,None,Q784,OpenTapioca
Dominica,None,Q784,OpenTapioca
Miguel de Cervantes,None,Q5682,OpenTapioca
Lincoln(16e,None,Q91,OpenTapioca
pèp,None,Q1308067,OpenTapioca
Désen,None,Q2450176,OpenTapioca
Dézè,None,Q8514,OpenTapioca
Edgar Allan Poe,None,Q16867,OpenTapioca
Baltimore,None,Q5092,OpenTapioca
"a, à",None,Q95175607,OpenTapioca
Domínikos Theotokópoulos,None,Q301,OpenTapioca
El Greco,None,Q301,OpenTapioca
Candie,None,Q160544,OpenTapioca
Tolède,None,Q5836,OpenTapioca
Sun Records,None,Q898618,OpenTapioca
Scotty Moore,None,Q430932,OpenTapioca
Kant (Immanuel,None,Q9312,OpenTapioca
Königsberg,None,Q4120832,OpenTapioca
Prusse,None,Q27306,OpenTapioca
Aufklärung,None,Q50816891,OpenTapioca
John Atkinson Hobson,None,Q962155,OpenTapioca
ayò,None,Q242110,OpenTapioca
भारत,None,Q668,OpenTapioca
Bhārat,None,Q668,OpenTapioca
भारत गणराज्य(Bhārat,None,Q668,OpenTapioca
Bhoutan,None,Q917,OpenTapioca
Indonesia,None,Q252,OpenTapioca
Republik Indonesia,None,Q252,OpenTapioca
Jakarta,None,Q3630,OpenTapioca
हिन्दू धर्म,None,Q31323093,OpenTapioca
IST,None,Q6828,OpenTapioca
ITS,None,Q30282932,OpenTapioca
Hector Berlioz,None,Q1151,OpenTapioca
Léfè,None,Q6983178,OpenTapioca
Fenlann,1280,Q33,Wikipedia
gou,None,Q45491576,OpenTapioca
Claude Lévi-Strauss,None,Q128126,OpenTapioca
garan,None,Q10885798,OpenTapioca
Mussolini,None,Q23559,OpenTapioca
Hitler,None,Q352,OpenTapioca
Fernando de Magallanes,None,Q1496,OpenTapioca
Philippines,None,Q928,OpenTapioca
Pilipinas,None,Q928,OpenTapioca
Republika ng Pilipinas,None,Q928,OpenTapioca
Republic of the Philippines,None,Q928,OpenTapioca
Filipinas,None,Q928,OpenTapioca
República de Filipinas,None,Q928,OpenTapioca
République des Philippines,None,Q928,OpenTapioca
Republika ti Filipinas,None,Q928,OpenTapioca
Republika sa Pilipinas,None,Q928,OpenTapioca
Gottlob Frege,None,Q60028,OpenTapioca
Bertrand Russell,None,Q33760,OpenTapioca
Lobatchevski,None,Q129199,OpenTapioca
Riemann,None,Q42299,OpenTapioca
pip,None,Q55675540,OpenTapioca
Dé tip,None,Q17445151,OpenTapioca
Fiodor Mikhaïlovitch Dostoïevski,None,Q991,OpenTapioca
Фёдор Михайлович Достоевский,None,Q991,OpenTapioca
Moscou,None,Q649,OpenTapioca
Fizik,None,Q5456434,OpenTapioca
Fon monétèr entèrnasyonal,None,Q7804,OpenTapioca
f (x,None,Q344286,OpenTapioca
f :x,None,Q344286,OpenTapioca
négativ,None,Q443327,OpenTapioca
Max Planck,None,Q9021,OpenTapioca
A.,None,Q48,OpenTapioca
œil,None,Q2864,OpenTapioca
Ba,None,Q22889,OpenTapioca
Franz Kafka,None,Q905,OpenTapioca
Prag,None,Q1085,OpenTapioca
Kierling,None,Q875133,OpenTapioca
Le Procès(Der,None,Q36097,OpenTapioca
Friedrich Wilhelm Nietzsche,None,Q9358,OpenTapioca
Röcken,None,Q529879,OpenTapioca
Weimar,None,Q3955,OpenTapioca
Lanmanpa,2071,Q40130,Wikipedia
Laranjal do Jari,None,Q1117969,OpenTapioca
Larisi,None,Q1873447,OpenTapioca
franco,None,Q847739,OpenTapioca
Baz,None,Q201170,OpenTapioca
Oiapoque,None,Q1541246,OpenTapioca
Rio Branco,None,Q171612,OpenTapioca
Brésil,None,Q155,OpenTapioca
BR-156,None,Q2877417,OpenTapioca
Lanmanpa,None,Q40130,OpenTapioca
Makapa,None,Q180215,OpenTapioca
Sala-a,None,Q26839077,OpenTapioca
Frédéric François Chopin,None,Q1268,OpenTapioca
Fryderyk Franciszek Chopin,None,Q1268,OpenTapioca
Szopen,None,Q1268,OpenTapioca
Chopin,None,Q1268,OpenTapioca
Żelazowa Wola,None,Q393087,OpenTapioca
Règn,None,Q83940901,OpenTapioca
Mikota,None,Q21738405,OpenTapioca
Alyé,None,Q3113,OpenTapioca
Isaac Newton,None,Q935,OpenTapioca
Répiblik di Kongo,2504,Q971,Wikipedia
Giné ékwatoryal,1335,Q983,Wikipedia
Galileo Galilei,None,Q307,OpenTapioca
Arcetri,None,Q2031761,OpenTapioca
Khamag Mongol,None,Q3875016,OpenTapioca
Khentii,None,Q239040,OpenTapioca
Xian,None,Q5826,OpenTapioca
Kubilai Khan,None,Q7523,OpenTapioca
Giuseppe Fortunino Francesco Verdi,None,Q7317,OpenTapioca
Verdi,None,Q7317,OpenTapioca
Roncole,None,Q1810148,OpenTapioca
mové,None,Q285547,OpenTapioca
Démiurge,None,Q83964709,OpenTapioca
Koré,None,Q18097,OpenTapioca
Hanovre,None,Q1715,OpenTapioca
Séna,None,Q1471,OpenTapioca
Grand Canyon,None,Q118841,OpenTapioca
Arizona,None,Q816,OpenTapioca
Gòrj,None,Q190406,OpenTapioca
Colorado,None,Q1261,OpenTapioca
Saint-Laurent,None,Q134750,OpenTapioca
Great Barrier Reef,None,Q7343,OpenTapioca
Queensland,None,Q36074,OpenTapioca
aki,None,Q11190108,OpenTapioca
Pasaj,None,Q19612254,OpenTapioca
Grann Miray,None,Q12501,OpenTapioca
Chángchéng,None,Q12501,OpenTapioca
Grès,1357,Q41,Wikipedia
Grenada,None,Q769,OpenTapioca
Saint-Georges,None,Q41547,OpenTapioca
Nānak,None,Q83322,OpenTapioca
Gurū Nānak Dev,None,Q83322,OpenTapioca
ਗੁਰੂ ਨਾਨਕ ਦੇਵ,None,Q83322,OpenTapioca
Talwandi,None,Q2353077,OpenTapioca
Pendjab,None,Q22424,OpenTapioca
Penjab,None,Q4478,OpenTapioca
República de Guatemala,None,Q774,OpenTapioca
Potaro,None,Q496570,OpenTapioca
Conan Doyle,None,Q35610,OpenTapioca
Le Monde,None,Q12461,OpenTapioca
Georgetown,None,Q10717,OpenTapioca
Essequibo,None,Q816253,OpenTapioca
Berbice,None,Q2896921,OpenTapioca
People's Progressive Party,None,Q1972521,OpenTapioca
Cheddi Jagan,None,Q724156,OpenTapioca
Jonestown,None,Q985684,OpenTapioca
Port-Kaituma,None,Q3066884,OpenTapioca
Corentyne,None,Q508582,OpenTapioca
Hammourabi,None,Q36359,OpenTapioca
Babylone,None,Q5684,OpenTapioca
Sin-muballit,None,Q374546,OpenTapioca
Nanga Parbat,None,Q130736,OpenTapioca
Namche Barwa,None,Q1050238,OpenTapioca
Brahmapoutre,None,Q45403,OpenTapioca
Bronx,None,Q18426,OpenTapioca
Katsushika Hokusai,None,Q5586,OpenTapioca
葛飾 北斎,None,Q5586,OpenTapioca
Edo,None,Q1490,OpenTapioca
Tokyo,None,Q1490,OpenTapioca
primat,None,Q326330,OpenTapioca
Hubble,None,Q2513,OpenTapioca
Hubble Space Telescope,None,Q2513,OpenTapioca
HST,None,Q2513,OpenTapioca
Ibn Al-Roumi,None,Q3141116,OpenTapioca
Abou el-Hassan,None,Q2821729,OpenTapioca
Roumi,None,Q43347,OpenTapioca
Ibn Battûta,None,Q7331,OpenTapioca
ابن بطوطة,None,Q7331,OpenTapioca
Abu Abdallah Muhammad,None,Q16058000,OpenTapioca
Ibn Battuta,None,Q7331,OpenTapioca
أبو عبد الله,None,Q12713124,OpenTapioca
محمد بن عبد الله,None,Q9458,OpenTapioca
Tanger,None,Q126148,OpenTapioca
Tombouctou,None,Q9427,OpenTapioca
Volga,None,Q626,OpenTapioca
Ibn Khaldoun,None,Q9294,OpenTapioca
ابن خلدون,None,Q9294,OpenTapioca
Ibn Khaldoûn,None,Q9294,OpenTapioca
Abū Zayd,None,Q560307,OpenTapioca
Abd ar-Raḥmān ibn Muḥammad,None,Q307447,OpenTapioca
Tunis,None,Q948,OpenTapioca
Igor Fiodorovitch Stravinsky,None,Q7314,OpenTapioca
Игорь Фёдорович Стравинский,None,Q7314,OpenTapioca
Oranienbaum,None,Q157688,OpenTapioca
Ilion,None,Q22647,OpenTapioca
Ílion,None,Q22647,OpenTapioca
Troie,None,Q22647,OpenTapioca
Pisistrate,None,Q242172,OpenTapioca
IRM,None,Q1149762,OpenTapioca
Pyé,None,Q33923,OpenTapioca
World Wide,None,Q65637325,OpenTapioca
Союз Советских Социалистических Республик,None,Q15180,OpenTapioca
СССР,None,Q15180,OpenTapioca
SSSR,None,Q15180,OpenTapioca
ITA,None,Q38,OpenTapioca
HTA,None,Q2735084,OpenTapioca
ايران,None,Q794,OpenTapioca
Irân,None,Q794,OpenTapioca
جمهوری اسلامی,None,Q16613982,OpenTapioca
Azerbaïdjan,None,Q227,OpenTapioca
Tirkménistan,None,Q874,OpenTapioca
J – 20,None,Q27926352,OpenTapioca
Norvèj,2348,Q20,Wikipedia
zil Féroé,2759,Q4628,Wikipedia
מְדִינַת יִשְׂרָאֵל,None,Q801,OpenTapioca
إِسْرَائِيلُ,None,Q23397,OpenTapioca
دولة إسرائيل,None,Q801,OpenTapioca
"Istanboul""'(an",None,Q406,OpenTapioca
İstanbul,None,Q406,OpenTapioca
End,None,Q668,OpenTapioca
Nehru,None,Q1047,OpenTapioca
Gandhi,None,Q1001,OpenTapioca
Cantabrie,None,Q3946,OpenTapioca
Ka,None,Q127063,OpenTapioca
Chauvet,None,Q374096,OpenTapioca
lar,2106,Q735,Wikipedia
Homo sapiens,1370,Q15978631,Wikipedia
Djebel Irhoud,None,Q846913,OpenTapioca
Homo,None,Q170573,OpenTapioca
corpus,None,Q939871,OpenTapioca
Abu Mūsā Jābir ibn Hayyān,None,Q167852,OpenTapioca
جابر بن حیان,None,Q167852,OpenTapioca
Tus,None,Q681427,OpenTapioca
Kufa,None,Q186234,OpenTapioca
Jacques Cartier,None,Q7321,OpenTapioca
Quartier,None,Q767513,OpenTapioca
Saint-Malo,None,Q163108,OpenTapioca
Canada,None,Q16,OpenTapioca
Djakarta,None,Q3630,OpenTapioca
Daerah Khusus Ibukota Jakarta,None,Q3630,OpenTapioca
1728,722,Q6947,Wikipedia
1779,773,Q7714,Wikipedia
James Joyce,None,Q6882,OpenTapioca
James Augustine Aloysius Joyce,None,Q6882,OpenTapioca
Dublin,None,Q1761,OpenTapioca
Zurich,None,Q72,OpenTapioca
Gens,None,Q899409,OpenTapioca
Jamaica,None,Q766,OpenTapioca
Janmayk,None,Q766,OpenTapioca
Kingston,None,Q34692,OpenTapioca
Montego Bay,None,Q637555,OpenTapioca
Chenn,None,Q18399748,OpenTapioca
Klima,None,Q78538,OpenTapioca
Alexander Bustamante(1884,None,Q265034,OpenTapioca
Norman Washington Manley,None,Q1397508,OpenTapioca
Bob Marley,None,Q409,OpenTapioca
Winston Rodney,None,Q361646,OpenTapioca
Burning Spear,None,Q361646,OpenTapioca
Laurel Aitken,None,Q536566,OpenTapioca
Peter Tosh,None,Q273049,OpenTapioca
Bunny Wailer,None,Q441203,OpenTapioca
Barrington Levy,None,Q790763,OpenTapioca
Lee Scratch Perry,None,Q315417,OpenTapioca
King Tubby,None,Q451858,OpenTapioca
Buju Banton,None,Q560642,OpenTapioca
Toots Hibbert,None,Q845465,OpenTapioca
Toots and the Maytals,None,Q845465,OpenTapioca
Vybz Kartel,None,Q1357035,OpenTapioca
Stephen Marley,None,Q468677,OpenTapioca
Rohan Marley,None,Q1939373,OpenTapioca
Ziggy Marley,None,Q199418,OpenTapioca
Damian Marley,None,Q310796,OpenTapioca
Ky-Mani Marley,None,Q741513,OpenTapioca
Nihon,None,Q17,OpenTapioca
日本国,None,Q17,OpenTapioca
Nihonkoku,None,Q11507565,OpenTapioca
Matthew Perry,None,Q171758,OpenTapioca
Hokkaidō,None,Q35581,OpenTapioca
Honshū(227,None,Q13989,OpenTapioca
a d’Okinawa,None,Q5580,OpenTapioca
Anguar,None,Q530813,OpenTapioca
afro,None,Q388083,OpenTapioca
di san,None,Q45513643,OpenTapioca
Légliz katolik,2178,Q9592,Wikipedia
Johann Sebastian Bach,None,Q1339,OpenTapioca
Eisenach–28,None,Q7070,OpenTapioca
Johann Wolfgang (von) Goethe,None,Q5879,OpenTapioca
Francfort,None,Q1794,OpenTapioca
John Dalton,None,Q41284,OpenTapioca
Manchester,None,Q18125,OpenTapioca
John Locke,None,Q9353,OpenTapioca
Wrington(Somerset,None,Q1825419,OpenTapioca
High Laver (Essex,None,Q2233631,OpenTapioca
Neumann János,None,Q17455,OpenTapioca
Budapest,None,Q1781,OpenTapioca
الأردن,None,Q810,OpenTapioca
المملكة الأردنيّة الهاشميّة,None,Q810,OpenTapioca
Amman,None,Q3805,OpenTapioca
Jean Baptiste Joseph Fourier,None,Q8772,OpenTapioca
Auxerre,None,Q167600,OpenTapioca
Caius Iulius Caesar,None,Q1048,OpenTapioca
Iulius Caesar,None,Q1048,OpenTapioca
Gaule,None,Q38060,OpenTapioca
Jé-a,None,Q626325,OpenTapioca
JO,None,Q810,OpenTapioca
ISO 8601,None,Q26874914,OpenTapioca
lot,None,Q220998,OpenTapioca
James Watson,None,Q83333,OpenTapioca
Francis Crick,None,Q123280,OpenTapioca
matématik,2245,Q395,Wikipedia
Salem,None,Q1218,OpenTapioca
Hiérosolyme,None,Q1218,OpenTapioca
Solyme,None,Q1218,OpenTapioca
יְרוּשָׁלַיִם,None,Q1218,OpenTapioca
Yerushaláyim,None,Q1218,OpenTapioca
القدس,None,Q1218,OpenTapioca
al Quds,None,Q1218,OpenTapioca
Québec,None,Q176,OpenTapioca
Amazoni,None,Q3783,OpenTapioca
Aquitaine,None,Q1179,OpenTapioca
Jésus,None,Q302,OpenTapioca
Galilée,None,Q307,OpenTapioca
Jean le Baptiste,None,Q40662,OpenTapioca
dat,1205,Q205892,Wikipedia
Jules César,1447,Q1048,Wikipedia
Afganistan,1022,Q889,Wikipedia
Kali,None,Q51103,OpenTapioca
काली,None,Q51103,OpenTapioca
Maripa,None,Q1803540,OpenTapioca
W+WA,None,Q1741,OpenTapioca
ZAR,None,Q550374,OpenTapioca
Nativ,None,Q100975209,OpenTapioca
péché,None,Q180538,OpenTapioca
Kébèk,None,Q176,OpenTapioca
Papa,None,Q19546,OpenTapioca
Dominion of Canada,None,Q16,OpenTapioca
Pòl,None,Q36,OpenTapioca
zépis,2779,Q42527,Wikipedia
NR,None,Q697,OpenTapioca
Sid,None,Q703668,OpenTapioca
Cuba,None,Q241,OpenTapioca
AEC,None,Q1147937,OpenTapioca
Karbonn,None,Q6368978,OpenTapioca
15e,None,Q191066,OpenTapioca
kari,None,Q184358,OpenTapioca
a : à,None,Q95175607,OpenTapioca
Dan,None,Q35,OpenTapioca
Karl Marx,None,Q9061,OpenTapioca
Trèves,None,Q3138,OpenTapioca
Rhénanie,None,Q152243,OpenTapioca
I,None,Q170502,OpenTapioca
Hammurabi,None,Q36359,OpenTapioca
dézèrtò,None,Q8514,OpenTapioca
LNI,None,Q1056794,OpenTapioca
OIT,None,Q54129,OpenTapioca
Áurea,None,Q1786460,OpenTapioca
Dom Pedro II,None,Q156774,OpenTapioca
Sid,None,Q936704,OpenTapioca
Sen Bartélémi,None,Q25362,OpenTapioca
Taubira,None,Q268675,OpenTapioca
Sen-Laurent-di-Maronni,2540,Q319959,Wikipedia
Émile Merwart,None,Q3588659,OpenTapioca
Paul Merwart,None,Q2331466,OpenTapioca
J.‑K.. Yé,None,Q52707862,OpenTapioca
Henri IV,None,Q936976,OpenTapioca
Rouen,None,Q30974,OpenTapioca
Charles Poncet de Brétigny(lyétnan,None,Q2960035,OpenTapioca
Louis XIII,None,Q737533,OpenTapioca
Napoléon III,None,Q7721,OpenTapioca
Chaton,None,Q24693789,OpenTapioca
Louis XVI,None,Q7732,OpenTapioca
Louis Claude Richard,None,Q714754,OpenTapioca
Jarden,None,Q37046,OpenTapioca
Gaston Monnerville,None,Q443841,OpenTapioca
Pierre Bernard]] Milius,None,Q3383944,OpenTapioca
Kaz asou kaskad,None,Q463179,OpenTapioca
Fallingwater,None,Q463179,OpenTapioca
Edgar J. Kaufmann,None,Q1283952,OpenTapioca
Frank Lloyd Wright,None,Q5604,OpenTapioca
Pennsylvani,None,Q1400,OpenTapioca
Pittsburgh,None,Q1342,OpenTapioca
Allegheny Mountains,None,Q1141373,OpenTapioca
Kiltir,None,Q719240,OpenTapioca
Kolizé,None,Q10285,OpenTapioca
Flavyen(Colosseo,None,Q10285,OpenTapioca
Esquilin,None,Q211233,OpenTapioca
Cælius,None,Q295509,OpenTapioca
Titus,None,Q1421,OpenTapioca
Domitien,None,Q1423,OpenTapioca
bolchevik,None,Q83372,OpenTapioca
d’atom,None,Q14762425,OpenTapioca
chimi inorganik,1189,Q11165,Wikipedia
Broadway,None,Q11260,OpenTapioca
Donald Knuth,None,Q17457,OpenTapioca
Kongfuzi,None,Q4604,OpenTapioca
孔夫子,None,Q4604,OpenTapioca
Suez,None,Q899,OpenTapioca
Kippour,None,Q132994,OpenTapioca
légim,2177,Q11004,Wikipedia
rézo téléfonik konmité,2517,Q243961,Wikipedia
psikoloji,2454,Q9418,Wikipedia
Michael Freeden,None,Q943051,OpenTapioca
Bewusstsein,None,Q491782,OpenTapioca
Konsèy réjyonnal di Lagwiyann,None,Q2994262,OpenTapioca
terra,None,Q2,OpenTapioca
Cordillera de los Andes,None,Q5456,OpenTapioca
Venezuela,None,Q717,OpenTapioca
Arjantin,None,Q414,OpenTapioca
Koré di Sid,None,Q884,OpenTapioca
Daehan Minguk,None,Q884,OpenTapioca
대한민국,None,Q884,OpenTapioca
大韓民國,None,Q884,OpenTapioca
Kot d'Ivwar,None,Q1008,OpenTapioca
Yamoussoukro,None,Q3768,OpenTapioca
Abidjan,None,Q1515,OpenTapioca
Sant èspasyal gwiyannen,2529,Q308987,Wikipedia
Klèr,None,Q181862,OpenTapioca
Vicente Yañez Pinzon,None,Q312765,OpenTapioca
Fèrm,None,Q13139,OpenTapioca
CNES,None,Q48756,OpenTapioca
Urania,None,Q12404,OpenTapioca
Charles-de-Gaulle,None,Q2042,OpenTapioca
Kowèyt,None,Q817,OpenTapioca
Kuwayt,None,Q817,OpenTapioca
إمارة الكويت,None,Q3480281,OpenTapioca
bat,None,Q177882,OpenTapioca
Krim,None,Q7835,OpenTapioca
édan,None,Q180516,OpenTapioca
Krishna,None,Q193499,OpenTapioca
Kṛṣṇa,None,Q193499,OpenTapioca
कृष्ण,None,Q193499,OpenTapioca
Gaudiya Vaishnavism,None,Q1144575,OpenTapioca
Nazarèt,None,Q430776,OpenTapioca
Cristoforo Colombo,None,Q7322,OpenTapioca
Cristóbal Colón,None,Q7322,OpenTapioca
Gênes,None,Q1449,OpenTapioca
Valladolid,None,Q8356,OpenTapioca
Isabelle de Castille,None,Q167173,OpenTapioca
Laréynyon,None,Q17070,OpenTapioca
kriyòl,2017,Q33289,Wikipedia
Séchèl,None,Q1042,OpenTapioca
Fransé,1313,Q150,Wikipedia
Annglé,1061,Q1860,Wikipedia
Potidjé,2437,Q5146,Wikipedia
Marké,None,Q1279,OpenTapioca
Artik,None,Q25322,OpenTapioca
Bernard de Clairvaux,None,Q188411,OpenTapioca
Seldjoukides,None,Q3708255,OpenTapioca
Al-Qāhira,None,Q85,OpenTapioca
Il Cairo,None,Q85,OpenTapioca
Lagos,None,Q8673,OpenTapioca
Qāhira,None,Q85,OpenTapioca
Kòrsika,None,Q14112,OpenTapioca
Ponte-Novo,None,Q3397698,OpenTapioca
83 km,None,Q4032568,OpenTapioca
Kalvi,None,Q202439,OpenTapioca
Kart,None,Q21403961,OpenTapioca
Louis XV,None,Q7738,OpenTapioca
Sun Yat-sen,None,Q8573,OpenTapioca
印度支那,None,Q43467,OpenTapioca
Yìndù,None,Q668,OpenTapioca
Hainan,None,Q42200,OpenTapioca
Kuomintang,None,Q31113,OpenTapioca
Tian'anmen,None,Q83973,OpenTapioca
Fujian,None,Q41705,OpenTapioca
Kirghizistan,None,Q813,OpenTapioca
Kazakhstan,None,Q232,OpenTapioca
Koré di Nò,None,Q423,OpenTapioca
Constantin Tsiolkovski,None,Q41239,OpenTapioca
Hermann Oberth,None,Q78503,OpenTapioca
Fran,None,Q841585,OpenTapioca
Rens,None,Q552498,OpenTapioca
Sen Rémi,None,Q1624645,OpenTapioca
Charles Quint,None,Q32500,OpenTapioca
Henri II,None,Q132545,OpenTapioca
Richelieu,None,Q26702,OpenTapioca
Mazarin,None,Q166056,OpenTapioca
Maximilien Robespierre,None,Q44197,OpenTapioca
Bòrdo,None,Q1479,OpenTapioca
Bourgògn,None,Q1173,OpenTapioca
cho,None,Q1059478,OpenTapioca
Saara,None,Q6583,OpenTapioca
Botswana,None,Q963,OpenTapioca
Lesotho,None,Q1013,OpenTapioca
Swazilann,None,Q1050,OpenTapioca
Zimbabwé,None,Q954,OpenTapioca
Bon,None,Q586,OpenTapioca
Robben Island,None,Q192493,OpenTapioca
KwaZulu Natal,None,Q81725,OpenTapioca
Transkei,None,Q466551,OpenTapioca
Vasco de Gama,None,Q7328,OpenTapioca
Batavia,None,Q55,OpenTapioca
Madagaskar,None,Q1019,OpenTapioca
François Pienaar,None,Q168675,OpenTapioca
Joost van der Westhuizen,None,Q971915,OpenTapioca
Os du Randt,None,Q726173,OpenTapioca
Tendai Mtawarira,None,Q441972,OpenTapioca
rich,None,Q95070960,OpenTapioca
Tobago,None,Q185111,OpenTapioca
Tordesillas,None,Q286004,OpenTapioca
Victor Schœlcher,None,Q120417,OpenTapioca
Inini,None,Q3151094,OpenTapioca
Konsèy jénéral di Lagwiyann,None,Q3248654,OpenTapioca
Charles X,None,Q7758,OpenTapioca
touloulou,2963,Q3532896,Wikipedia
lanng,2089,Q315,Wikipedia
Koré(Koré di Sid,None,Q884,OpenTapioca
Koré(Koré di Nò,None,Q423,OpenTapioca
Cold War,None,Q5142401,OpenTapioca
Kholodnaïa,None,Q3196200,OpenTapioca
IRSS,None,Q30299472,OpenTapioca
bron,None,Q124714,OpenTapioca
Skandinavi,None,Q21195,OpenTapioca
Vendel,None,Q13719518,OpenTapioca
Lak Baïkal,None,Q5513,OpenTapioca
Baïkal,None,Q5513,OpenTapioca
Lak Victoria,None,Q5505,OpenTapioca
Nyanza,None,Q23397,OpenTapioca
Victoria,None,Q5505,OpenTapioca
Ouganda,None,Q1036,OpenTapioca
Colombia,None,Q739,OpenTapioca
República de Colombia,None,Q739,OpenTapioca
Kòlon,None,Q365,OpenTapioca
Guajira,None,Q272747,OpenTapioca
Santa María la Antigua del Darién,None,Q2573380,OpenTapioca
Santa Marta,None,Q209016,OpenTapioca
Bogota,None,Q2841,OpenTapioca
Lanmanzonni,None,Q2841453,OpenTapioca
San Juan de Pasto,None,Q320015,OpenTapioca
Manizales,None,Q235190,OpenTapioca
Ibagué,None,Q222755,OpenTapioca
Tunja,None,Q236744,OpenTapioca
Barranquilla,None,Q62823,OpenTapioca
Carthagène,None,Q162615,OpenTapioca
Chaken,None,Q31606740,OpenTapioca
persan,None,Q2071827,OpenTapioca
sindhi,None,Q7268481,OpenTapioca
J.-K. A,None,Q2958433,OpenTapioca
Clément d'Ohrid,None,Q158504,OpenTapioca
Neil Armstrong,None,Q1615,OpenTapioca
program Apollo,None,Q46611,OpenTapioca
Tinizi,None,Q948,OpenTapioca
190 km,None,Q16687123,OpenTapioca
Lalla Khadîdja,None,Q6480460,OpenTapioca
Djurdjura,None,Q3033100,OpenTapioca
djebel Aïssa,None,Q3025701,OpenTapioca
Amour,None,Q6886,OpenTapioca
Touilet Makna,None,Q23781957,OpenTapioca
Naïl(1,None,Q3392,OpenTapioca
souf,None,Q7564091,OpenTapioca
Wight,None,Q9679,OpenTapioca
Scilly,None,Q180209,OpenTapioca
Liverpool,None,Q24826,OpenTapioca
Newcastle upon Tyne,None,Q1425428,OpenTapioca
Mersey,None,Q19724,OpenTapioca
Tyne,None,Q216373,OpenTapioca
Severn,None,Q19682,OpenTapioca
Bristòl,None,Q23154,OpenTapioca
Kalé,None,Q6454,OpenTapioca
Birmingham,None,Q2256,OpenTapioca
Leeds,None,Q39121,OpenTapioca
d’Homo,None,Q170573,OpenTapioca
Norfolk,None,Q23109,OpenTapioca
Suffolk,None,Q23111,OpenTapioca
Wessex,None,Q105313,OpenTapioca
Alfred le Grand,None,Q83476,OpenTapioca
Æthelflæd,None,Q235250,OpenTapioca
Mercie,None,Q105092,OpenTapioca
Royal Society,None,Q123885,OpenTapioca
Malt,None,Q233,OpenTapioca
Bède le Vénérable,None,Q154938,OpenTapioca
Deutsch,None,Q3621,OpenTapioca
Tyskland,None,Q183,OpenTapioca
Germany,None,Q183,OpenTapioca
Saksa,None,Q183,OpenTapioca
Niémen,None,Q5622,OpenTapioca
德意志(Déyìzhì,None,Q183,OpenTapioca
Reich,None,Q12548,OpenTapioca
Louis le Germanique,None,Q152463,OpenTapioca
Fransi,None,Q142,OpenTapioca
DM,None,Q784,OpenTapioca
Gerhard Schröder,None,Q2530,OpenTapioca
SPD,None,Q49768,OpenTapioca
Parti social-démocrate,None,Q105112,OpenTapioca
Die Grünen,None,Q49766,OpenTapioca
Angela Merkel,None,Q567,OpenTapioca
CDU,None,Q49762,OpenTapioca
Baltik,None,Q545,OpenTapioca
Ruhr,None,Q1664,OpenTapioca
Moselle,None,Q1667,OpenTapioca
Schleswig,None,Q501661,OpenTapioca
Pòlògn,None,Q36,OpenTapioca
Dantzig,None,Q1792,OpenTapioca
Rhin-Ruhr,None,Q164903,OpenTapioca
Neckar,None,Q1673,OpenTapioca
Stuttgart,None,Q1022,OpenTapioca
Modern Talking,None,Q27417,OpenTapioca
Münchener Freiheit,None,Q302119,OpenTapioca
Ireen Sheer,None,Q451671,OpenTapioca
Dschinghis Khan,None,Q106861,OpenTapioca
Neue Deutsche Welle,None,Q646679,OpenTapioca
Nena,None,Q153996,OpenTapioca
Dieter Rams,None,Q76427,OpenTapioca
Karl Lagerfeld,None,Q76716,OpenTapioca
Claudia Schiffer,None,Q76717,OpenTapioca
Cabo Norte,None,Q4069,OpenTapioca
Para,None,Q39517,OpenTapioca
Bethlehem Steel Company,None,Q27432,OpenTapioca
São José,None,Q3070,OpenTapioca
IBGE,None,Q268072,OpenTapioca
Nevado Mismi,None,Q578777,OpenTapioca
Titikaka,None,Q35342,OpenTapioca
Apurímac,None,Q214921,OpenTapioca
L’Apurímac,None,Q1043,OpenTapioca
Ene,None,Q214921,OpenTapioca
Tambo,None,Q214921,OpenTapioca
río Urubamba,None,Q209590,OpenTapioca
Amazonas,None,Q3783,OpenTapioca
rio Solimões,None,Q2844812,OpenTapioca
Tabatinga,None,Q22060342,OpenTapioca
Manaos,None,Q40236,OpenTapioca
rio Negro,None,Q118771,OpenTapioca
rio Pará,None,Q1513192,OpenTapioca
rio Tocantins,None,Q156054,OpenTapioca
ban,None,Q244621,OpenTapioca
Amazon,None,Q3783,OpenTapioca
Pará,None,Q39517,OpenTapioca
Rondônia,None,Q43235,OpenTapioca
Mato Grosso,None,Q42824,OpenTapioca
Tocantins,None,Q43695,OpenTapioca
Maranhão,None,Q42362,OpenTapioca
Lanmè Kaspyenn,None,Q5484,OpenTapioca
d’Azi,None,Q48,OpenTapioca
Elbourz,None,Q484725,OpenTapioca
Daghestan,None,Q5118,OpenTapioca
Kalmoukie,None,Q3953,OpenTapioca
oblast d'Astrakhan,None,Q3941,OpenTapioca
Lanmè Méditérané,None,Q4918,OpenTapioca
Martin Waldseemüller,None,Q57197,OpenTapioca
Lorraine,None,Q155019,OpenTapioca
Gymnase Vosgien,None,Q3122631,OpenTapioca
Mathias Ringmann,None,Q66192,OpenTapioca
Nunavut,None,Q2023,OpenTapioca
Diego Ramirez,None,Q386111,OpenTapioca
47'O,None,Q23397,OpenTapioca
Paraíba,None,Q38088,OpenTapioca
Santa Fe,None,Q38555,OpenTapioca
San Salvador,None,Q3110,OpenTapioca
La Navidad,None,Q19809,OpenTapioca
Hispaniola,None,Q25277,OpenTapioca
loséyan Argtik,2159,Q788,Wikipedia
Organizasyon di sé Nasyonzini,2376,Q1065,Wikipedia
Bèrmoud,1171,Q23635,Wikipedia
Sen Pierre ké Miquelon,2544,Q34617,Wikipedia
Mègsik,2301,Q96,Wikipedia
Èspangnòl,2785,Q1321,Wikipedia
José María Torres Caicedo,None,Q3186463,OpenTapioca
Plak,None,Q2298809,OpenTapioca
Cocos,None,Q36004,OpenTapioca
Béliz,1173,Q242,Wikipedia
Osen,None,Q484257,OpenTapioca
toun,None,Q26250251,OpenTapioca
"an, an",None,Q290147,OpenTapioca
zhōngwén,None,Q2910696,OpenTapioca
Thomas Edison,None,Q8743,OpenTapioca
lumen,None,Q15927139,OpenTapioca
W,None,Q1741,OpenTapioca
Lanti,None,Q52580,OpenTapioca
Laozi,None,Q9333,OpenTapioca
Lao Zi,None,Q9333,OpenTapioca
Lǎozǐ,None,Q9333,OpenTapioca
Lao³ Tzu³,None,Q9333,OpenTapioca
Li Er,None,Q9333,OpenTapioca
Lǐ,None,Q311413,OpenTapioca
Confucius(milyé,None,Q4604,OpenTapioca
Viêt Nam,2724,Q881,Wikipedia
Quintilien,None,Q193769,OpenTapioca
mar,None,Q23397,OpenTapioca
FAO,None,Q82151,OpenTapioca
lanatir,2067,Q7860,Wikipedia
Lar,None,Q631028,OpenTapioca
Antonio Averlino,None,Q449961,OpenTapioca
Giorgio Vasari,None,Q128027,OpenTapioca
Larchitèktir,2109,Q12271,Wikipedia
Saône,None,Q187834,OpenTapioca
Lyon,None,Q456,OpenTapioca
Argentina,None,Q414,OpenTapioca
Antoine Houzé,None,Q57264243,OpenTapioca
Argentine,None,Q414,OpenTapioca
La Plata,None,Q44059,OpenTapioca
Argentina. A,None,Q3873496,OpenTapioca
plata,None,Q60842120,OpenTapioca
Río da Prata,None,Q35827,OpenTapioca
Gran Chaco,None,Q267695,OpenTapioca
Aconcagua,None,Q738745,OpenTapioca
Aconcagua,None,Q39739,OpenTapioca
Laguna del Carbón,None,Q1780252,OpenTapioca
Santa Cruz,None,Q44821,OpenTapioca
La Pampa,None,Q44795,OpenTapioca
La Havane,None,Q1563,OpenTapioca
Pampas,None,Q127892,OpenTapioca
Matacos,None,Q1190801,OpenTapioca
Juan Díaz de Solís,None,Q312741,OpenTapioca
Néstor Kirchner,None,Q170899,OpenTapioca
Macri,None,Q1752,OpenTapioca
"Cosquín, Córdoba",None,Q48290,OpenTapioca
Jorge Luis Borges,None,Q909,OpenTapioca
Adolfo Bioy Casares,None,Q298035,OpenTapioca
Victoria Ocampo,None,Q72790,OpenTapioca
Ernesto Sábato,None,Q186630,OpenTapioca
Manuel Mujica Láinez,None,Q940594,OpenTapioca
Abelardo Castillo,None,Q318525,OpenTapioca
Leopoldo Marechal,None,Q1819994,OpenTapioca
Juan Filloy,None,Q1388819,OpenTapioca
Hector Bianciotti,None,Q470101,OpenTapioca
Ricardo Piglia,None,Q583814,OpenTapioca
Alberto Laiseca,None,Q2831782,OpenTapioca
Tomás Eloy Martínez,None,Q1362119,OpenTapioca
Juan José Saer,None,Q712518,OpenTapioca
César Aira,None,Q166590,OpenTapioca
Angélica Gorodischer,None,Q274623,OpenTapioca
172 km,None,Q30967732,OpenTapioca
684 km,None,Q20071970,OpenTapioca
amatò,None,Q11258353,OpenTapioca
planèt,2419,Q634,Wikipedia
pol,None,Q39045417,OpenTapioca
anonima,None,Q4233718,OpenTapioca
Everest,None,Q513,OpenTapioca
swa,None,Q2328426,OpenTapioca
End,1259,Q668,Wikipedia
Koré di Sid,2000,Q884,Wikipedia
Bâle,None,Q78,OpenTapioca
Saint-Pétersbourg(Anpir,None,Q656,OpenTapioca
Prusse,None,Q38872,OpenTapioca
Li Bai,None,Q7071,OpenTapioca
Lǐ Bái,None,Q7071,OpenTapioca
Li Po,None,Q7071,OpenTapioca
Lǐ Bó,None,Q7071,OpenTapioca
Li Taibai,None,Q7071,OpenTapioca
李太白,None,Q7071,OpenTapioca
Lǐ Táibái,None,Q7071,OpenTapioca
Friedrich Hayek,None,Q1325,OpenTapioca
Freedom,None,Q25271,OpenTapioca
Salamanque(xvie,None,Q15695,OpenTapioca
Syéra Léonn,2625,Q1044,Wikipedia
L,None,Q1043,OpenTapioca
Benelux,None,Q13116,OpenTapioca
CECA,None,Q161549,OpenTapioca
CEE,None,Q52847,OpenTapioca
Euratom,None,Q8919,OpenTapioca
KE,None,Q114,OpenTapioca
Terra,None,Q2,OpenTapioca
Maroni,None,Q1369002,OpenTapioca
Albert Londres,None,Q1345910,OpenTapioca
Aj,None,Q1164444,OpenTapioca
André Gide,None,Q47484,OpenTapioca
ékritir,2796,Q37260,Wikipedia
10×10×10,None,Q169021,OpenTapioca
Xénocrate,None,Q214121,OpenTapioca
US,None,Q15180,OpenTapioca
London[ˈlʌn.dən,None,Q84,OpenTapioca
Grann-Brétagn,None,Q23666,OpenTapioca
Commonwealth of Nations,None,Q7785,OpenTapioca
Londinium,None,Q84,OpenTapioca
d’Arafura,None,Q128880,OpenTapioca
Nouvèl Zélann,None,Q664,OpenTapioca
Tasman,None,Q666142,OpenTapioca
A,None,Q783373,OpenTapioca
Willem Jansz,None,Q174085,OpenTapioca
Luis Váez de Torrès,None,Q356808,OpenTapioca
Dirk Hartog,None,Q465223,OpenTapioca
Jan Carstensz,None,Q1338403,OpenTapioca
Abel Tasman,None,Q42188,OpenTapioca
Anthony van Diemen,None,Q380415,OpenTapioca
Sidné,None,Q3130,OpenTapioca
jéyografi,1464,Q1071,Wikipedia
Challenger,None,Q459173,OpenTapioca
