,text,text_preprocessed,LEN,label,score,aff_lcs,aff_lcs_label
5,.sb em i Intanet kod bilong kantri [[Solomon Ailans]].,sb em i Intanet kod bilong kantri Solomon_Ailans,8,12,58.236363636363635,3,12-3
4,.ru em i Intanet kod bilong kantri [[Rasia]].,ru em i Intanet kod bilong kantri Rasia,8,12,58.236363636363635,3,12-3
3,[[Brunei]] em i stap independens kantri namel long tupela narapela kantri.,Brunei em i stap independens kantri namel long tupela narapela kantri,11,12,58.236363636363635,2,12-2
2,Tok Albenia emi wanpela [[tokples]] long kantri [[Albenia]].,Tok Albenia emi wanpela tokples long kantri Albenia,8,12,58.236363636363635,3,12-3
1,"Vizmanos emi wanpela taun long Soria provins, Castile na León, [[Spen]].",Vizmanos emi wanpela taun long Soria provins Castile na León Spen,11,12,58.236363636363635,1,12-1
0,Tasol [[Trinde]] na [[Fonde]] em i no kam long Tok Inglis.,Tasol Trinde na Fonde em i no kam long Tok Inglis,11,12,58.236363636363635,0,12-0
6,Plak bilong [[Pinlan]] i mak olsem ofisel plak bilong kantri long [[1920]].,Plak bilong Pinlan i mak olsem ofisel plak bilong kantri long,11,12,58.236363636363635,3,12-3
7,.no em i Intanet kod bilong kantri [[Nowe]].,no em i Intanet kod bilong kantri Nowe,8,12,58.236363636363635,3,12-3
8,"Wanpela kontinen tasol, [[Ostrelia]], em i mo liklik long Yurop.",Wanpela kontinen tasol Ostrelia em i mo liklik long Yurop,10,12,58.236363636363635,0,12-0
9,.al em i Intanet kod bilong kantri [[Albenia]].,al em i Intanet kod bilong kantri Albenia,8,12,58.236363636363635,3,12-3
10,"Astorga emi wanpela taun long León provins, Castile na León, [[Spen]].",Astorga emi wanpela taun long León provins Castile na León Spen,11,12,58.236363636363635,1,12-1
2,Plak bilong [[Wels]] i mak olsem ofisel plak bilong hap-kantri long [[1959]].,Plak bilong Wels i mak olsem ofisel plak bilong hapkantri long,11,18,53.785714285714285,1,18-1
1,Em i stap arere long kantri Pranis na [[Holan]].,Em i stap arere long kantri Pranis na Holan,9,18,53.785714285714285,2,18-2
0,Em i wanpela long foapela bikpela difren lain bilong [[antropolosi]].,Em i wanpela long foapela bikpela difren lain bilong antropolosi,10,18,53.785714285714285,0,18-0
3,"Mama i karim em long [[Septemba]] 27, yia 1984 long Belleville, Ontario, [[Kanada]].",Mama i karim em long Septemba yia long Belleville Ontario Kanada,11,18,53.785714285714285,2,18-2
4,Mama i karim em long yia [[1819]] long kantri [[Iran]].,Mama i karim em long yia long kantri Iran,9,18,53.785714285714285,2,18-2
7,Kapitol na bigpela taun tumas bilong kantri em i [[Sofia]].,Kapitol na bigpela taun tumas bilong kantri em i Sofia,10,18,53.785714285714285,2,18-2
6,.ro em i Intanet kod bilong kantri [[Romenia]].,ro em i Intanet kod bilong kantri Romenia,8,18,53.785714285714285,2,18-2
5,Em i stat long [[Tunde]] long kalenda bilong Gregori.,Em i stat long Tunde long kalenda bilong Gregori,9,18,53.785714285714285,2,18-2
6,Julia Eileen Gillard i praim minista bilong [[Ostrelia]].,Julia Eileen Gillard i praim minista bilong Ostrelia,8,9,52.01731601731602,0,9-0
7,.ec em i Intanet kod bilong kantri [[Ekuwado]].,ec em i Intanet kod bilong kantri Ekuwado,8,9,52.01731601731602,2,9-2
5,.pe em i Intanet kod bilong kantri [[Peru]].,pe em i Intanet kod bilong kantri Peru,8,9,52.01731601731602,2,9-2
13,"Em stap wankain [[Bislama]], [[Tok Pisin]] an [[Tores Stret Kriol]].",Em stap wankain Bislama Tok Pisin an Tores Stret Kriol,10,9,52.01731601731602,0,9-0
0,"Kuritiba (tok Potugal: ""Curitiba"") em i nambawan siti saut [[Brasil]], [[kapitol]] na [[stet]] Paraná.",Kuritiba em i nambawan siti saut Brasil kapitol na stet Paraná,11,9,52.01731601731602,0,9-0
1,Dispela istap ol planet i go nabaut [[San]].,Dispela istap ol planet i go nabaut San,8,9,52.01731601731602,0,9-0
2,.au em i Intanet kod bilong kantri [[Ostrelia]].,au em i Intanet kod bilong kantri Ostrelia,8,9,52.01731601731602,2,9-2
8,.cn em i Intanet kod bilong kantri [[Ol Manmeri Ripablik bilong Saina]].,cn em i Intanet kod bilong kantri Ol_Manmeri_Ripablik_bilong_Saina,8,9,52.01731601731602,2,9-2
9,"Motu, dispela pes i tok long en, na [[Tok Pisin]].",Motu dispela pes i tok long en na Tok_Pisin,9,9,52.01731601731602,0,9-0
10,Tripela ples long Sipik i gat rot i go long [[Wewak]].,Tripela ples long Sipik i gat rot i go long Wewak,11,9,52.01731601731602,0,9-0
11,.az em i Intanet kod bilong kantri [[Azerbaijan]].,az em i Intanet kod bilong kantri Azerbaijan,8,9,52.01731601731602,2,9-2
12,[[Kapitol]] na taun bikpela tumas bilong en ol i kolim [[Riga]].,Kapitol na taun bikpela tumas bilong en ol i kolim Riga,11,9,52.01731601731602,3,9-3
20,"""Federated States of Micronesia"") em i wanpela kantri insait long [[Maikronisia]].",Federated States of Micronesia em i wanpela kantri insait long Maikronisia,11,9,52.01731601731602,0,9-0
14,"Em i stap arere long kantri [[Lituwenia]], [[Estonia]], na [[Rasia]].",Em i stap arere long kantri Lituwenia Estonia na Rasia,10,9,52.01731601731602,0,9-0
19,"Tok Enga emi wanpela tok ples bilong [[Papua Niugini]], long [[Enga]] provins.",Tok Enga emi wanpela tok ples bilong Papua_Niugini long Enga provins,11,9,52.01731601731602,0,9-0
21,"Nha Trang (vi:""Thành phố Nha Trang"") em i citi bikpela tru bilong Khanh Hoa, [[Vietnam]].",Nha Trang em i citi bikpela tru bilong Khanh Hoa Vietnam,11,9,52.01731601731602,0,9-0
15,[[Kapitol]] na taun bikpela tumas bilong Senegal em i [[Dakar]].,Kapitol na taun bikpela tumas bilong Senegal em i Dakar,10,9,52.01731601731602,3,9-3
4,Indo-Yuropien famili bilong tokples emi wanpela bikpela [[famili bilong tokples]] long Graun.,IndoYuropien famili bilong tokples emi wanpela bikpela famili_bilong_tokples long Graun,10,9,52.01731601731602,1,9-1
3,[[Kapitol]] na bikpela taun bilong kantri emi Tallinn.,Kapitol na bikpela taun bilong kantri emi Tallinn,8,9,52.01731601731602,2,9-2
18,.za em i Intanet kod bilong kantri [[Saut Aprika]].,za em i Intanet kod bilong kantri Saut_Aprika,8,9,52.01731601731602,2,9-2
17,Long 2004 igat 2188 manmeri i silip long peles [[Końskowola]].,Long igat manmeri i silip long peles Końskowola,8,9,52.01731601731602,0,9-0
16,Ensiklopedia i [[buk]] long painim kainkain save long planti samting.,Ensiklopedia i buk long painim kainkain save long planti samting,10,9,52.01731601731602,0,9-0
0,[[Saut Amerika]] Saut Amerika em i wanpela hap bilong [[kontinen]] [[Amerika]].,Saut_Amerika Saut Amerika em i wanpela hap bilong kontinen Amerika,10,25,51.361111111111114,0,25-0
1,Sri Lanka em i wanpela [[kantri]] long [[Esia]].,Sri Lanka em i wanpela kantri long Esia,8,25,51.361111111111114,0,25-0
3,"Long [[2005]], igat klostu long 7.5 milien manmeri oli silip long Niugini.",Long igat klostu long milien manmeri oli silip long Niugini,10,25,51.361111111111114,1,25-1
4,"Em i bin gat olsem 30,000 manmeri long em long yia [[2000]].",Em i bin gat olsem manmeri long em long yia,10,25,51.361111111111114,0,25-0
5,[[Man]] i wokim manesmen ol i kolim manager.,Man i wokim manesmen ol i kolim manager,8,25,51.361111111111114,0,25-0
6,.de em i Intanet kod bilong kantri [[Siamani]].,de em i Intanet kod bilong kantri Siamani,8,25,51.361111111111114,0,25-0
7,Me i [[mun]] namba faiv bilong [[yia]] long Kalendar Pop Gregori.,Me i mun namba faiv bilong yia long Kalendar Pop Gregori,11,25,51.361111111111114,0,25-0
8,[[Sol]] na ol taun klostu long em wantaim igat 21 milien manmeri.,Sol na ol taun klostu long em wantaim igat milien manmeri,11,25,51.361111111111114,1,25-1
2,Kerema i wanpela distrik bilong Gulf provins long [[Papua Niugini]].,Kerema i wanpela distrik bilong Gulf provins long Papua_Niugini,9,25,51.361111111111114,0,25-0
5,"Gol Kos stap wanpela biktaun bilong [[Kwinslan]], [[Ostrelia]].",Gol Kos stap wanpela biktaun bilong Kwinslan Ostrelia,8,26,51.02777777777778,1,26-1
8,.mh em i Intanet kod bilong kantri [[Ol Masol Ailan]].,mh em i Intanet kod bilong kantri Ol_Masol_Ailan,8,26,51.02777777777778,0,26-0
0,Em i gat planti bikpela magani long [[Ostrelia]].,Em i gat planti bikpela magani long Ostrelia,8,26,51.02777777777778,1,26-1
1,Venesuwela em i wanpela [[kantri]] long [[Saut Amerika]].,Venesuwela em i wanpela kantri long Saut Amerika,8,26,51.02777777777778,2,26-2
2,.la em i Intanet kod bilong kantri [[Laos]].,la em i Intanet kod bilong kantri Laos,8,26,51.02777777777778,0,26-0
3,Yia 1941 (MCMXLI) i stat long [[Trinde]] long kalenda bilong Gregori.,Yia i stat long Trinde long kalenda bilong Gregori,9,26,51.02777777777778,1,26-1
4,Mama i karim em long January 28 bilong yia [[1955]].,Mama i karim em long January bilong yia,8,26,51.02777777777778,1,26-1
6,Niu Briten () em i wanpela [[ailan]] long [[Papua Niugini]].,Niu Briten em i wanpela ailan long Papua Niugini,9,26,51.02777777777778,2,26-2
7,.mv em i Intanet kod bilong kantri [[Maldives]].,mv em i Intanet kod bilong kantri Maldives,8,26,51.02777777777778,0,26-0
6,.한국 em i Intanet kod bilong kantri [[Saut Koria]].,한국 em i Intanet kod bilong kantri Saut_Koria,8,14,50.96153846153846,1,14-1
12,Tok Nowe emi wanpela tokples bilong kantri [[Nowe]].,Tok Nowe emi wanpela tokples bilong kantri Nowe,8,14,50.96153846153846,1,14-1
11,Solwara bilong Krowesia em i gat mo long 1000 [[ailan]].,Solwara bilong Krowesia em i gat mo long ailan,9,14,50.96153846153846,0,14-0
10,Planti em i stap long Narra municipality na [[Puerto Princesa City]].,Planti em i stap long Narra municipality na Puerto_Princesa_City,9,14,50.96153846153846,2,14-2
9,Em i tu long Federal Teritori long [[Malesia]].,Em i tu long Federal Teritori long Malesia,8,14,50.96153846153846,0,14-0
8,Toronto em i stap long nambawan siti long [[Kanada]].,Toronto em i stap long nambawan siti long Kanada,9,14,50.96153846153846,0,14-0
7,"Pop Francis (long [[tok Latin]], ol i kolim em ""Franciscus""), em i namba 266 Papa Santu bilong Katolik Sios.",Pop Francis em i namba Papa Santu bilong Katolik Sios,10,14,50.96153846153846,0,14-0
0,Vienna em i taun bikpela tumas bilong [[kantri]] [[Ostria]] long [[Yurop]].,Vienna em i taun bikpela tumas bilong kantri Ostria long Yurop,11,14,50.96153846153846,1,14-1
5,"Long sait san i kamap, em i hap bilong [[Papua Niugini]].",Long sait san i kamap em i hap bilong Papua_Niugini,10,14,50.96153846153846,0,14-0
4,.ભારત em i Intanet kod bilong kantri [[India]].,ભારત em i Intanet kod bilong kantri India,8,14,50.96153846153846,1,14-1
3,Kuk i [[at]] na saiens long kukim kaikai long hat.,Kuk i at na saiens long kukim kaikai long hat,10,14,50.96153846153846,0,14-0
1,[[Man]] i inap painim ol piksa bilong ston tu.,Man i inap painim ol piksa bilong ston tu,9,14,50.96153846153846,0,14-0
2,Marburg em i taun bilong [[kantri]] [[Siamani]] long [[Yurop]].,Marburg em i taun bilong kantri Siamani long Yurop,9,14,50.96153846153846,1,14-1
1,"Basshunter, Jonas Erik Altberg (mama i karim Disemba 24, [[1984]] long Halmstad) i [[Suwidan]] bilong song.",Basshunter Jonas Erik Altberg i Suwidan bilong song,8,17,49.9,0,17-0
0,"Siapan o Japan ([[Tokples Siapan]]: 日本 ""nihon"" o ""nippon"") em i wanpela [[kantri]] long [[Esia]].",Siapan o Japan em i wanpela kantri long Esia,9,17,49.9,1,17-1
7,[[Ronald Reagan]] em i pikinini bilong [[Jack Reagan]] na [[Nelle Wilson Reagan]].,Ronald_Reagan em i pikinini bilong Jack Reagan na Nelle Wilson Reagan,11,17,49.9,0,17-0
2,"Greenland em i wanpela hap bilong [[Denmak]], wanpela [[kantri]] long [[Yurop]].",Greenland em i wanpela hap bilong Denmak wanpela kantri long Yurop,11,17,49.9,1,17-1
12,Bislama emi wanpela [[tokples]] na toktok long bung bilong [[Vanuatu]].,Bislama emi wanpela tokples na toktok long bung bilong Vanuatu,10,17,49.9,0,17-0
3,"Nau Koria igat tupela kantri, [[Saut Koria]] na [[Not Koria]].",Nau Koria igat tupela kantri Saut_Koria na Not Koria,9,17,49.9,1,17-1
19,Kontinen Amerika i gat tupela narapela hap: [[Not Amerika]] na [[Saut Amerika]].,Kontinen Amerika i gat tupela narapela hap Not_Amerika na Saut Amerika,11,17,49.9,3,17-3
18,.香港 em i Intanet kod bilong kantri [[Hong Kong]].,香港 em i Intanet kod bilong kantri Hong_Kong,8,17,49.9,2,17-2
17,.укр em i Intanet kod bilong kantri [[Yukren]].,укр em i Intanet kod bilong kantri Yukren,8,17,49.9,2,17-2
15,Saudi Arabia em i wanpela [[kantri]] long [[Esia]].,Saudi Arabia em i wanpela kantri long Esia,8,17,49.9,1,17-1
14,Planti Kristen Otodos ol i stap long Rusia na [[Gris]].,Planti Kristen Otodos ol i stap long Rusia na Gris,10,17,49.9,0,17-0
13,Em i bin namba wan keis long [[Papua Niugini]] long 20 Mas 2020.,Em i bin namba wan keis long Papua_Niugini long Mas,10,17,49.9,0,17-0
16,Miskolc em i wanpela siti bilong Kaunti Borsod-Abaúj-Zemplén long [[Hangari]].,Miskolc em i wanpela siti bilong Kaunti BorsodAbaújZemplén long Hangari,10,17,49.9,1,17-1
11,Wantok Niuspepa em i wanpela niuspepa long [[Papua Niugini]] long [[Tok Pisin]].,Wantok Niuspepa em i wanpela niuspepa long Papua_Niugini long Tok Pisin,11,17,49.9,1,17-1
9,Kapitol na taun bikpela tumas bilong en i [[Wabag]].,Kapitol na taun bikpela tumas bilong en i Wabag,9,17,49.9,0,17-0
8,Em  i kamap presiden tupela taim: long yia [[2001]] na long yia [[2005]].,Em i kamap presiden tupela taim long yia na long yia,11,17,49.9,0,17-0
4,Long yia [[1991]] taim Krowesia i bin kamap olsem wanpela independen kantri.,Long yia taim Krowesia i bin kamap olsem wanpela independen kantri,11,17,49.9,1,17-1
6,.pg em i Intanet kod bilong kantri [[Papua Niugini]].,pg em i Intanet kod bilong kantri Papua_Niugini,8,17,49.9,2,17-2
5,Tok bilong [[Sidarta]] em i as bilong budisim.,Tok bilong Sidarta em i as bilong budisim,8,17,49.9,0,17-0
10,.ch em i Intanet kod bilong kantri [[Suwisalan]].,ch em i Intanet kod bilong kantri Suwisalan,8,17,49.9,2,17-2
2,"O Arais, Ol Yu Pipel (Tok Inglis: ""Arise, All You Sons"", litreli ""O Arais Ol Yu Pikinini Man"") em i nesenel singsing bilong [[Papua Niugini]].",O Arais Ol Yu Pipel em i nesenel singsing bilong Papua_Niugini,11,10,49.8,1,10-1
0,Igat tupela narapela hap bilong Amerika: [[Not Amerika]] na [[Sentrel Amerika]].,Igat tupela narapela hap bilong Amerika Not_Amerika na Sentrel Amerika,10,10,49.8,0,10-0
1,Pait i bin kamap namel lo ol Mongolien na lo [[Siapan]].,Pait i bin kamap namel lo ol Mongolien na lo Siapan,11,10,49.8,1,10-1
3,SARS-CoV-2 em i kirapim [[COVID-19 pandemic]] insait long taim bilong yia 2020.,SARSCoV em i kirapim COVID_pandemic insait long taim bilong yia,10,10,49.8,1,10-1
5,.ae em i Intanet kod bilong kantri [[United Arab Emirates]].,ae em i Intanet kod bilong kantri United_Arab_Emirates,8,10,49.8,1,10-1
4,Rigo Central i wanpela lokal gavman eria long [[Sentral Provins]].,Rigo Central i wanpela lokal gavman eria long Sentral_Provins,9,10,49.8,1,10-1
14,[[Kapitol]] na taun bikpela tumas bilong em i [[Kimbe]].,Kapitol na taun bikpela tumas bilong em i Kimbe,9,30,49.6231884057971,2,30-2
19,"Nem Trinde i kam long to "" Tri"" na ""[[De]]"".",Nem Trinde i kam long to Tri na De,9,30,49.6231884057971,2,30-2
18,"Mama i karim em long [[Mas]] 19, yia [[1949]] long [[Rasia]].",Mama i karim em long Mas yia long Rasia,9,30,49.6231884057971,2,30-2
17,Brisben Broncos em i wanpela ragbi tim long [[Ostrelia]].,Brisben Broncos em i wanpela ragbi tim long Ostrelia,9,30,49.6231884057971,2,30-2
22,Em i stap long noten sait bilong [[Ostrelia]].,Em i stap long noten sait bilong Ostrelia,8,30,49.6231884057971,2,30-2
15,.ua em i Intanet kod bilong kantri [[Yukren]].,ua em i Intanet kod bilong kantri Yukren,8,30,49.6231884057971,1,30-1
5,Plak bilong [[Ista Ailan]] i mak olsem ofisel plak bilong hap-kantri long [[2006]].,Plak bilong Ista_Ailan i mak olsem ofisel plak bilong hapkantri long,11,30,49.6231884057971,2,30-2
13,.vu em i Intanet kod bilong kantri [[Vanuatu]].,vu em i Intanet kod bilong kantri Vanuatu,8,30,49.6231884057971,1,30-1
12,.ie em i Intanet kod bilong kantri [[Ripablik bilong Aialan]].,ie em i Intanet kod bilong kantri Ripablik_bilong_Aialan,8,30,49.6231884057971,1,30-1
11,Histori long [[Papua Niugini]] i stap long ol toktok blong tumbuna.,Histori long Papua_Niugini i stap long ol toktok blong tumbuna,10,30,49.6231884057971,2,30-2
10,Saikolosi i kamap long tupela narapela stadi: pilosopi na [[save long laip]].,Saikolosi i kamap long tupela narapela stadi pilosopi na save_long_laip,10,30,49.6231884057971,2,30-2
9,Hobat i wanpela siti bilong Tasmania long [[Ostrelia]].,Hobat i wanpela siti bilong Tasmania long Ostrelia,8,30,49.6231884057971,2,30-2
8,"[[Inglan]], [[Skotlan]], [[Wels]] na Noten Aialan wantaim i mekim [[Yunaitet Kingdom]].",Inglan Skotlan Wels na Noten Aialan wantaim i mekim Yunaitet Kingdom,11,30,49.6231884057971,0,30-0
7,Mama i karim em long April 9 bilong yia [[1936]].,Mama i karim em long April bilong yia,8,30,49.6231884057971,2,30-2
6,"Bea (inglis: Bear) bigpela [[mamel]] bilong [[Yurop]], [[Amerika]] na Asia.",Bea bigpela mamel bilong Yurop Amerika na Asia,8,30,49.6231884057971,2,30-2
4," em i wanpela taun long Cáceres provins, [[Spen]].",em i wanpela taun long Cáceres provins Spen,8,30,49.6231884057971,2,30-2
3,"Ol Yunaitet Stet bilong Amerika (Y.S, YS, Y.S.A – ""YU.ES"", ""YU.ES.E"", ) i kantri long [[Not Amerika]].",Ol Yunaitet Stet bilong Amerika i kantri long Not_Amerika,9,30,49.6231884057971,2,30-2
0,"I gat planti skul bilong lainim manesmen, ispeseli long [[USA]].",I gat planti skul bilong lainim manesmen ispeseli long USA,10,30,49.6231884057971,2,30-2
2,Em i kamap presiden tupela taim: long yia [[2000]] na yia [[2006]].,Em i kamap presiden tupela taim long yia na yia,10,30,49.6231884057971,2,30-2
1,"Em stap wankain [[Tok Pisin]], Tok Bislama na [[Solomon Ailans Pijin]].",Em stap wankain Tok_Pisin Tok Bislama na Solomon Ailans Pijin,10,30,49.6231884057971,2,30-2
16,Taavi Rõivas i bin praim minista bilong [[Estonia]] 2014–2016.,Taavi Rõivas i bin praim minista bilong Estonia,8,30,49.6231884057971,2,30-2
23,.gb em i Intanet kod bilong kantri [[Yunaitet Kingdom]].,gb em i Intanet kod bilong kantri Yunaitet_Kingdom,8,30,49.6231884057971,1,30-1
21,"Sek Ripablik, o Jek Ripablik (""Sekia"" o ""Jekia""; , ""Czechia""; , ""Česko"") em i wanpela kantri long [[Yurop]].",Sek Ripablik o Jek Ripablik em i wanpela kantri long Yurop,11,30,49.6231884057971,2,30-2
20,Zhengzhou ([[Tok Saina]]:鄭州) em i [[kapitol]] long [[kantri]] Republik bilong Manmeri bilong China.,Zhengzhou em i kapitol long kantri Republik bilong Manmeri bilong China,11,30,49.6231884057971,3,30-3
1,Mama i karim em long February 26 bilong yia [[1950]].,Mama i karim em long February bilong yia,8,29,49.52287581699346,1,29-1
11,"Sili ([[Tok Spen]]: Chile), Ripablik bilong Sili ([[Tok Spen]]: República de Chile) emi wanpela kantri long [[Saut Amerika]].",Sili Ripablik bilong Sili emi wanpela kantri long Saut_Amerika,9,29,49.52287581699346,2,29-2
17,"Mainkraft ([[Tok Swidan]]: ""Minecraft"", Tok Inglis: ""Minecraft"") i stap bikpela vidio gem bilong Swidan.",Mainkraft i stap bikpela vidio gem bilong Swidan,8,29,49.52287581699346,1,29-1
16,"Taim i pikinini yet, [[Sidarta]] i got planti moni.",Taim i pikinini yet Sidarta i got planti moni,9,29,49.52287581699346,1,29-1
15,Surinam em i wanpela [[kantri]] long [[Saut Amerika]].,Surinam em i wanpela kantri long Saut Amerika,8,29,49.52287581699346,2,29-2
14,Wol i gat planti [[kantri]] long faifpela [[kontinen]] na planti solwara.,Wol i gat planti kantri long faifpela kontinen na planti solwara,11,29,49.52287581699346,2,29-2
13,Plak bilong [[Slovenia]] i mak olsem ofisel plak bilong kantri long [[1991]].,Plak bilong Slovenia i mak olsem ofisel plak bilong kantri long,11,29,49.52287581699346,0,29-0
12,Mama i karim em long October 1 bilong yia [[1969]].,Mama i karim em long October bilong yia,8,29,49.52287581699346,1,29-1
10,"Long lotu bilong ol [[Kristen]], Sande i de antap bilong lotuim.",Long lotu bilong ol Kristen Sande i de antap bilong lotuim,11,29,49.52287581699346,1,29-1
2,Woso () (Tok Polin: Warszawa) emi kapitol na big taun bilong kantri [[Polan]].,Woso emi kapitol na big taun bilong kantri Polan,9,29,49.52287581699346,0,29-0
0,Cloudy Bay i wanpela lokol gavman eria long [[Sentral Provins]].,Cloudy Bay i wanpela lokol gavman eria long Sentral_Provins,9,29,49.52287581699346,2,29-2
8,"Bipo bipo tru long [[Yurop]], ol i lotuim san.",Bipo bipo tru long Yurop ol i lotuim san,9,29,49.52287581699346,1,29-1
7,"Na tu, i gat samting olsem 200.000.000 (tu handred milion) adres bilong imel long [[wol]].",Na tu i gat samting olsem adres bilong imel long wol,11,29,49.52287581699346,1,29-1
6,Long 1893 [[Yunaitet Kingdom]] i mekim en blong em na teritori.,Long Yunaitet_Kingdom i mekim en blong em na teritori,9,29,49.52287581699346,1,29-1
5,Milen Be em i wanpela provins long [[Papua Niugini]].,Milen Be em i wanpela provins long Papua_Niugini,8,29,49.52287581699346,2,29-2
4,Siamani em i asples bilong [[Martin Luther]] na [[Albert Einstein]].,Siamani em i asples bilong Martin_Luther na Albert Einstein,9,29,49.52287581699346,1,29-1
9,"Mode Gakuen Cocoon Tower(Japanese:モード学園コクーンタワー) emi wanpela taun long [[Tokyo]],Japan.",Mode Gakuen Cocoon Tower emi wanpela taun long TokyoJapan,9,29,49.52287581699346,2,29-2
3,.mm em i Intanet kod bilong kantri [[Myanmar]].,mm em i Intanet kod bilong kantri Myanmar,8,29,49.52287581699346,0,29-0
1,Niu Saut Wels stap wanpela stet bilong [[Ostrelia]].,Niu Saut Wels stap wanpela stet bilong Ostrelia,8,16,49.47222222222222,1,16-1
0,"Ferdinand de Saussure (Novemba 26, 1857 - Februeri 22, [[1913]]) em i man bilong Swisalan.",Ferdinand de Saussure em i man bilong Swisalan,8,16,49.47222222222222,1,16-1
8,Mama i karim em long Me 9 bilong yia [[1959]] long Csorna.,Mama i karim em long Me bilong yia long Csorna,10,16,49.47222222222222,1,16-1
6,Niu Ailan () em i wanpela provins bilong [[Papua Niugini]].,Niu Ailan em i wanpela provins bilong Papua_Niugini,8,16,49.47222222222222,2,16-2
5,Westen Hailans em i wanpela provins i stap long [[Papua Niugini]].,Westen Hailans em i wanpela provins i stap long Papua_Niugini,10,16,49.47222222222222,2,16-2
4,.ad em i Intanet kod bilong kantri [[Andora]].,ad em i Intanet kod bilong kantri Andora,8,16,49.47222222222222,1,16-1
3,.am em i Intanet kod bilong kantri [[Armenia]].,am em i Intanet kod bilong kantri Armenia,8,16,49.47222222222222,1,16-1
2,"Sampai akhirnya terdapat mahasiswa asal kampung tersebut, pulang dari [[Jakarta]].",Sampai akhirnya terdapat mahasiswa asal kampung tersebut pulang dari Jakarta,10,16,49.47222222222222,0,16-0
7,Manmeri bilong [[Estronomi]] i got save long 209 narapela planet.,Manmeri bilong Estronomi i got save long narapela planet,9,16,49.47222222222222,3,16-3
8,Wik em i taim i gat seven [[de]].,Wik em i taim i gat seven de,8,6,49.32727272727273,3,6-3
5,"Yelo emi wanpela taun long Soria provins, Castile na León, [[Spen]].",Yelo emi wanpela taun long Soria provins Castile na León Spen,11,6,49.32727272727273,2,6-2
1,Danidin i wanpela siti long [[Saut Ailan]] bilong [[Niu Silan]].,Danidin i wanpela siti long Saut_Ailan bilong Niu Silan,9,6,49.32727272727273,3,6-3
2,"Planti man o meri ol i kolim ""[[Buda]]"" tasol.",Planti man o meri ol i kolim Buda tasol,9,6,49.32727272727273,3,6-3
9,[[Siapan]] i gat forpela bikpela ailand: na plenti smolpela ailan.,Siapan i gat forpela bikpela ailand na plenti smolpela ailan,10,6,49.32727272727273,3,6-3
4,"[[Hanya]] berjarak sekitar 1,5 kilometer an sekitar 1,7 km dari garis pantai.",Hanya berjarak sekitar kilometer an sekitar km dari garis pantai,10,6,49.32727272727273,1,6-1
3,Mama i karim em long Julai 6 bilong yia [[1946]].,Mama i karim em long Julai bilong yia,8,6,49.32727272727273,3,6-3
6,Tok Krowesia em i wanpela tokples bilong [[Krowesia]] ([[Yurop]]).,Tok Krowesia em i wanpela tokples bilong Krowesia,8,6,49.32727272727273,0,6-0
7,"Em i dai pinis long Epril 18, 2013 long [[Zagreb]].",Em i dai pinis long Epril long Zagreb,8,6,49.32727272727273,3,6-3
10,Belarus em i wanpela kantri bilong isten [[Yurop]].,Belarus em i wanpela kantri bilong isten Yurop,8,6,49.32727272727273,3,6-3
0,"Tokples Siapan (Tokples Siapan: 日本語, nihongo) emi wanpela [[tokples]] bilong kantri [[Siapan]].",Tokples Siapan emi wanpela tokples bilong kantri Siapan,8,6,49.32727272727273,0,6-0
5,"Aislan (, o ""Republik bilong Aislan""), em i wanpela [[kantri]] insait long [[Yurop]].",Aislan em i wanpela kantri insait long Yurop,8,23,49.29538461538461,1,23-1
0,"Malgrat de Mar emi wanpela taun long Barcelona provins, Katalonia, [[Spen]].",Malgrat de Mar emi wanpela taun long Barcelona provins Katalonia Spen,11,23,49.29538461538461,1,23-1
25,"Tok Pisin, [[Bislama]] na Pijin kam long wanlain.",Tok Pisin Bislama na Pijin kam long wanlain,8,23,49.29538461538461,4,23-4
2,.中國 em i Intanet kod bilong kantri [[Ol Manmeri Ripablik bilong Saina]].,中國 em i Intanet kod bilong kantri Ol_Manmeri_Ripablik_bilong_Saina,8,23,49.29538461538461,2,23-2
3,.by em i Intanet kod bilong kantri [[Belaras]].,by em i Intanet kod bilong kantri Belaras,8,23,49.29538461538461,2,23-2
4,"Yukren Nesenel Union (yuk: ""Український Національний Союз"") em i politikal pati bilong [[Yukren]].",Yukren Nesenel Union em i politikal pati bilong Yukren,9,23,49.29538461538461,1,23-1
1,Sauten Hailans em i wanpela provins long [[Papua Niugini]].,Sauten Hailans em i wanpela provins long Papua_Niugini,8,23,49.29538461538461,0,23-0
6,"Pinlan i stap namel long tupela kantri, Swidan na [[Rasia]].",Pinlan i stap namel long tupela kantri Swidan na Rasia,10,23,49.29538461538461,1,23-1
13,.fi em i Intanet kod bilong kantri [[Pinlan]].,fi em i Intanet kod bilong kantri Pinlan,8,23,49.29538461538461,2,23-2
22,Is Sepik () em i wanpela provins long [[Papua Niugini]].,Is Sepik em i wanpela provins long Papua_Niugini,8,23,49.29538461538461,0,23-0
21,"Igat planti olpela stori long [[Sidarta]], o [[Buda]].",Igat planti olpela stori long Sidarta o Buda,8,23,49.29538461538461,4,23-4
20,.ভারত em i Intanet kod bilong kantri [[India]].,ভারত em i Intanet kod bilong kantri India,8,23,49.29538461538461,2,23-2
19,"Tok Polan (""polszczyzna, język polski"") em i nambawan tokples bilong kantri [[Polan]].",Tok Polan em i nambawan tokples bilong kantri Polan,9,23,49.29538461538461,3,23-3
18,Ol Katolik i man o meri bilong wanpela lain bilong [[Kristen]].,Ol Katolik i man o meri bilong wanpela lain bilong Kristen,11,23,49.29538461538461,1,23-1
17,"(SAVE, DON'T DELETE THIS EVALUATION GLOSSARY [[AT]] THIS [[TIME]])  Glosari (evaluation test) military :  Ol manmeri em olegeta b'long amed foses.",Glosari military Ol manmeri em olegeta blong amed foses,9,23,49.29538461538461,4,23-4
16,Tok Spen emi wanpela tokples bilong kantri [[Spen]].,Tok Spen emi wanpela tokples bilong kantri Spen,8,23,49.29538461538461,3,23-3
14,Oktoba i [[mun]] namba ten bilong [[yia]] long Kalenda Pop Gregori.,Oktoba i mun namba ten bilong yia long Kalenda Pop Gregori,11,23,49.29538461538461,4,23-4
15,Nambawan lida bilong kantri emi Praim Minista [[Viktor Orbán]].,Nambawan lida bilong kantri emi Praim Minista Viktor_Orbán,8,23,49.29538461538461,3,23-3
12,Mošovce (1380 manmeri) emi wanpela taun long namel bilong kantri [[Slovakia]].,Mošovce emi wanpela taun long namel bilong kantri Slovakia,9,23,49.29538461538461,3,23-3
11,Kantri we i klostu long em i [[Denmak]] na Swidan.,Kantri we i klostu long em i Denmak na Swidan,10,23,49.29538461538461,4,23-4
10,Ol i laik lusim PNG na kamap [[kantri]] bilong ol yet.,Ol i laik lusim PNG na kamap kantri bilong ol yet,11,23,49.29538461538461,1,23-1
9,.sk em i Intanet kod bilong kantri [[Slovakia]].,sk em i Intanet kod bilong kantri Slovakia,8,23,49.29538461538461,2,23-2
8,Debrecen em i wanpela siti bilong Kaunti Hajdú-Bihar long [[Hangari]].,Debrecen em i wanpela siti bilong Kaunti HajdúBihar long Hangari,10,23,49.29538461538461,1,23-1
7,"Nau kapitol bilong em i [[Taipei]], long [[Taiwan]] ailan.",Nau kapitol bilong em i Taipei long Taiwan ailan,9,23,49.29538461538461,4,23-4
23,Gavman sistem bilong [[Malesia]] wankain Westminster parlemen sistem.,Gavman sistem bilong Malesia wankain Westminster parlemen sistem,8,23,49.29538461538461,4,23-4
24,Tapini i wanpela lokal gavman eria long [[Sentral Provins]].,Tapini i wanpela lokal gavman eria long Sentral_Provins,8,23,49.29538461538461,1,23-1
11,Jisas i man i stap long kantri Juda (nau [[Israel]]) 2000 yia bipo.,Jisas i man i stap long kantri Juda yia bipo,10,7,49.294117647058826,3,7-3
16,"Tok Finlan (""suomen kieli"") emi wanpela [[tokples]] bilong kantri [[Pinlan]].",Tok Finlan emi wanpela tokples bilong kantri Pinlan,8,7,49.294117647058826,3,7-3
17,.sy em i Intanet kod bilong kantri [[Syria]].,sy em i Intanet kod bilong kantri Syria,8,7,49.294117647058826,3,7-3
15,"""Klostu Tudak"" em i nambawan piksa bilong Saga bilong Klostu Tudak (yia [[2008]]).",Klostu Tudak em i nambawan piksa bilong Saga bilong Klostu Tudak,11,7,49.294117647058826,0,7-0
14,"Antap long 700 kain (Tok Inglis: ""species"") bilong pisin istap long [[Papua Niugini]].",Antap long kain bilong pisin istap long Papua_Niugini,8,7,49.294117647058826,0,7-0
13,"Brobergen (Brobargen long tok Nitesiaman) em i viles bilong Landkreis Stade, Niedersachsen long [[Siamani]].",Brobergen em i viles bilong Landkreis Stade Niedersachsen long Siamani,10,7,49.294117647058826,2,7-2
12,"Save i kamap bilong ""[[Food and Agriculture Organization]] ([[FAO]]) of the [[United Nations]]"" long Janueri 2010.",Save i kamap bilong Food_and_Agriculture_Organization of the United Nations long Janueri,11,7,49.294117647058826,1,7-1
6,"Ecser em i taun bilong [[Hangari]], klostu long [[Budapest]].",Ecser em i taun bilong Hangari klostu long Budapest,9,7,49.294117647058826,0,7-0
10,[[Campanar]] vila-real.jpg|Taua blong haus lotu blong Sant Jaume.,Campanar vilarealjpgTaua blong haus lotu blong Sant Jaume,8,7,49.294117647058826,0,7-0
9,Intanet em i kirap long [[Amerika]] long yia 1969 long ARPA.,Intanet em i kirap long Amerika long yia long ARPA,10,7,49.294117647058826,0,7-0
8,Em i kamap presiden wonpela taim: long yia [[2007]] na long yia 2012.,Em i kamap presiden wonpela taim long yia na long yia,11,7,49.294117647058826,0,7-0
7,"Comares emi wanpela taun long Málaga provins, Andalusie, [[Spen]].",Comares emi wanpela taun long Málaga provins Andalusie Spen,9,7,49.294117647058826,0,7-0
0,"Nem Fonde i kam long to "" Fo(a)"" na ""[[De]]"".",Nem Fonde i kam long to Fo na De,9,7,49.294117647058826,0,7-0
3,.ee em i Intanet kod bilong kantri [[Estonia]].,ee em i Intanet kod bilong kantri Estonia,8,7,49.294117647058826,3,7-3
2,Beising ([[Tok Saina]]: 北京) em i [[kapitol]] long [[kantri]] Republik bilong Manmeri bilong China.,Beising em i kapitol long kantri Republik bilong Manmeri bilong China,11,7,49.294117647058826,3,7-3
1," em i wanpela taun long Soria provins, Castile na León, [[Spen]].",em i wanpela taun long Soria provins Castile na León Spen,11,7,49.294117647058826,0,7-0
5,"[[Gdansk]] (Tok Inglis: [[Gdansk]], Tok [[Polan]]: [[Gdansk]], Tok [[Siamani]]: [[Danzig]]) emi big citi bilong kantri [[Polan]] (nord) long [[Yurop]].",Gdansk emi big citi bilong kantri Polan long Yurop,9,7,49.294117647058826,3,7-3
4,Kapitol na taun bikpela tumas bilong em i [[Dublin]].,Kapitol na taun bikpela tumas bilong em i Dublin,9,7,49.294117647058826,0,7-0
15,Simbu em i wanpela provins long hailans bilong [[Papua Niugini]].,Simbu em i wanpela provins long hailans bilong Papua_Niugini,9,15,49.05263157894737,1,15-1
7,"Tok Hawai (Tok Hawai: ""ʻōlelo Hawaiʻi"", ) em i wanpela tokples bilong stet Hawai long [[Ol Yunaitet Stet]].",Tok Hawai em i wanpela tokples bilong stet Hawai long Ol_Yunaitet_Stet,11,15,49.05263157894737,1,15-1
18,"Edirne (Tok Teki: Edirne; [[Tok Gris]]: Αδριανούπολη, ""Adrianoúpoli""; [[Tok Balgeria]]: Одрин, ""Odrin""; [[Tok Latin]]: ""Hadrianopolis""), em i stap long siti bilong kantri, [[Teki]].",Edirne em i stap long siti bilong kantri Teki,9,15,49.05263157894737,2,15-2
17,.hr em i Intanet kod bilong kantri [[Krowesia]].,hr em i Intanet kod bilong kantri Krowesia,8,15,49.05263157894737,2,15-2
16,"Wanpela lain bilong ol pisin igat bigpela nem: ol [[kumul]] (Tok Inglis: ""bird of paradise"").",Wanpela lain bilong ol pisin igat bigpela nem ol kumul,10,15,49.05263157894737,0,15-0
14,Sentral em i wanpela provins i stap long [[Papua Niugini]].,Sentral em i wanpela provins i stap long Papua_Niugini,9,15,49.05263157894737,1,15-1
13,[[Malesia]] gat planti res na kalsa na lotu.,Malesia gat planti res na kalsa na lotu,8,15,49.05263157894737,0,15-0
12,Long 2010 igat 1500 manmeri i silip long peles [[Bochotnica]].,Long igat manmeri i silip long peles Bochotnica,8,15,49.05263157894737,0,15-0
11,.to em i Intanet kod bilong kantri [[Tonga]].,to em i Intanet kod bilong kantri Tonga,8,15,49.05263157894737,2,15-2
10,Kolambia em i wanpela [[kantri]] long [[Saut Amerika]].,Kolambia em i wanpela kantri long Saut Amerika,8,15,49.05263157894737,1,15-1
8,"Suwidan (Tok Suwidan: ""Sverige"", ~""”sverye”"", Tok Inglish: ""Sweden"") em i wanpela kantri long Not [[Yurop]].",Suwidan em i wanpela kantri long Not Yurop,8,15,49.05263157894737,1,15-1
9,.bt em i Intanet kod bilong kantri [[Bhutan]].,bt em i Intanet kod bilong kantri Bhutan,8,15,49.05263157894737,2,15-2
6,Spen em i wanpela [[kantri]] i stap insait long kontinen [[Yurop]].,Spen em i wanpela kantri i stap insait long kontinen Yurop,11,15,49.05263157894737,1,15-1
5,Putrajaya dispela i long biktaun bilong administresen long [[Malesia]].,Putrajaya dispela i long biktaun bilong administresen long Malesia,9,15,49.05263157894737,0,15-0
4,Em i kamap presiden wanpela taim: long yia [[1989]] na [[1993]].,Em i kamap presiden wanpela taim long yia na,9,15,49.05263157894737,0,15-0
3,"Dispela nem euro em i kam long nem ""Europa"", mining [[Yurop]].",Dispela nem euro em i kam long nem Europa mining Yurop,11,15,49.05263157894737,0,15-0
2,.இலங்கை em i Intanet kod bilong kantri [[Sri Lanka]].,இலங்கை em i Intanet kod bilong kantri Sri_Lanka,8,15,49.05263157894737,2,15-2
1,I gat 365 o 366 de insait long wanpela [[yia]].,I gat o de insait long wanpela yia,8,15,49.05263157894737,0,15-0
0,Yokohama em i biktaun bilong [[kantri]] [[Siapan]] long [[Esia]].,Yokohama em i biktaun bilong kantri Siapan long Esia,9,15,49.05263157894737,2,15-2
3,Not Solomons o Bogenvil () em i wanpela provins bilong [[Papua Niugini]].,Not Solomons o Bogenvil em i wanpela provins bilong Papua_Niugini,10,4,48.97802197802198,0,4-0
10,"Goran Švob (Zagreb, [[Me]] 29 [[1947]] - [[Epril]] 18 2013) i bin man bilong [[pilosopi]] na [[lajik]] long [[Krowesia]].",Goran Švob i bin man bilong pilosopi na lajik long Krowesia,11,4,48.97802197802198,1,4-1
9," emi wanpela taun long Soria provins, Castile na León, [[Spen]].",emi wanpela taun long Soria provins Castile na León Spen,10,4,48.97802197802198,3,4-3
8,Dispela kantri long not Hap [[ailan]] long [[Borneo]].,Dispela kantri long not Hap ailan long Borneo,8,4,48.97802197802198,1,4-1
11,[[Larry Orsak]] i bin stadi na lukautim biodaivesiti bilong Papua New Guinea.,Larry_Orsak i bin stadi na lukautim biodaivesiti bilong Papua New Guinea,11,4,48.97802197802198,2,4-2
0,Sepik o Sipik em i wanpela bikpela wara long [[Papua Niugini]].,Sepik o Sipik em i wanpela bikpela wara long Papua_Niugini,10,4,48.97802197802198,0,4-0
1,Nesenel Alains Pati (o National Alliance Party) em i politikal pati bilong [[Papua Niugini]].,Nesenel Alains Pati em i politikal pati bilong Papua_Niugini,9,4,48.97802197802198,0,4-0
2,Wanpela Noten Teritori stap wanpela stet bilong [[Ostrelia]].,Wanpela Noten Teritori stap wanpela stet bilong Ostrelia,8,4,48.97802197802198,1,4-1
7,"Tok Inglis, [[Bislama]], na [[Tok Frens]] oli ofisel tokples bilong gavman.",Tok Inglis Bislama na Tok Frens oli ofisel tokples bilong gavman,11,4,48.97802197802198,1,4-1
4,.ki em i Intanet kod bilong kantri [[Kiribas]].,ki em i Intanet kod bilong kantri Kiribas,8,4,48.97802197802198,1,4-1
5,"Tok Hangari (Tok Hangari: ""magyar"") em i tokples bilong kantri [[Hangari]].",Tok Hangari em i tokples bilong kantri Hangari,8,4,48.97802197802198,1,4-1
6,.sm em i Intanet kod bilong kantri [[San Marino]].,sm em i Intanet kod bilong kantri San_Marino,8,4,48.97802197802198,1,4-1
12,Amazon Bay emi wanpela lokol gavman long [[Sentral Provins]].,Amazon Bay emi wanpela lokol gavman long Sentral_Provins,8,4,48.97802197802198,3,4-3
13,"Em i westen hap bilong Yurasia, long westen sait bilong [[Esia]].",Em i westen hap bilong Yurasia long westen sait bilong Esia,11,4,48.97802197802198,1,4-1
22,Siligo em i wanpela taun long Sadinia long kantri [[Itali]].,Siligo em i wanpela taun long Sadinia long kantri Itali,10,28,48.89717741935484,4,28-4
27,[[Alotau]] em i [[kapitol]] na bikpela taun bilong em.,Alotau em i kapitol na bikpela taun bilong em,9,28,48.89717741935484,5,28-5
23,"Republik long Aialan ([[Tok Aialan]]: ""Poblacht na hÉireann"", ) em i wanpela kantri long ailan [[Aialan]].",Republik long Aialan em i wanpela kantri long ailan Aialan,10,28,48.89717741935484,1,28-1
24,Tok Pisin em i wanpela tokples blong Gavman blong Papua Niugini (wantaim Tok Inglis na [[Hiri Motu]]).,Tok Pisin em i wanpela tokples blong Gavman blong Papua Niugini,11,28,48.89717741935484,4,28-4
25,.np em i Intanet kod bilong kantri [[Nepal]].,np em i Intanet kod bilong kantri Nepal,8,28,48.89717741935484,3,28-3
26," emi wanpela taun long Burgos provins, Castile na León, [[Spen]].",emi wanpela taun long Burgos provins Castile na León Spen,10,28,48.89717741935484,4,28-4
1,.lk em i Intanet kod bilong kantri [[Sri Lanka]].,lk em i Intanet kod bilong kantri Sri_Lanka,8,28,48.89717741935484,3,28-3
28,Rigo Inland i wanpela lokol gavman eria long [[Sentral Provins]].,Rigo Inland i wanpela lokol gavman eria long Sentral_Provins,9,28,48.89717741935484,4,28-4
29,[[Wabag]] em i [[kapitol]] na taun bikpela tumas bilong em.,Wabag em i kapitol na taun bikpela tumas bilong em,10,28,48.89717741935484,5,28-5
30,"Tok Swidan (""svenska språket"") emi wanpela [[tokples]] bilong kantri [[Suwidan]] na [[Pinlan]].",Tok Swidan emi wanpela tokples bilong kantri Suwidan na Pinlan,10,28,48.89717741935484,3,28-3
31,"Olgeta hap graun i bikpela moa long em, ol i [[kontinen]].",Olgeta hap graun i bikpela moa long em ol i kontinen,11,28,48.89717741935484,5,28-5
20,"Buk bilong em i: Em i raitim plani pepa long save ([[Tok Krowesia]], Tok Inglis, [[Tok Saina]] na moa).",Buk bilong em i Em i raitim plani pepa long save,11,28,48.89717741935484,5,28-5
21,[[Pangu Pati]] (o [[Papua]] na [[Niugini]] [[Union]] Pati) em i politikal pati bilong [[Papua Niugini]].,Pangu_Pati em i politikal pati bilong Papua Niugini,8,28,48.89717741935484,5,28-5
6,Plak bilong Niue i mak olsem ofisel plak bilong hap-kantri long [[1975]].,Plak bilong Niue i mak olsem ofisel plak bilong hapkantri long,11,28,48.89717741935484,2,28-2
19,.hk em i Intanet kod bilong kantri [[Hong Kong]].,hk em i Intanet kod bilong kantri Hong_Kong,8,28,48.89717741935484,3,28-3
18,George Walker Bush i presiden namba 43 bilong [[Amerika]].,George Walker Bush i presiden namba bilong Amerika,8,28,48.89717741935484,5,28-5
3,[[Mikronesien]] setzt sich aus diesen [[Staaten]] und abhängigen Territorien zusammen:,Mikronesien setzt sich aus diesen Staaten und abhängigen Territorien zusammen,10,28,48.89717741935484,0,28-0
4,Peru em i wanpela [[kantri]] long [[Saut Amerika]].,Peru em i wanpela kantri long Saut Amerika,8,28,48.89717741935484,1,28-1
5,"Wanpela Sanlait Kos stap wanpela biktaun bilong [[Kwinslan]], [[Ostrelia]].",Wanpela Sanlait Kos stap wanpela biktaun bilong Kwinslan Ostrelia,9,28,48.89717741935484,5,28-5
2,Sidarta em i man i stap long [[India]] 2500 yia bipo.,Sidarta em i man i stap long India yia bipo,10,28,48.89717741935484,5,28-5
7,"Yen bilong Siapan ([[Tokples Siapan]]: 円, ""en"") emi [[mani]] bilong kantri [[Siapan]].",Yen bilong Siapan emi mani bilong kantri Siapan,8,28,48.89717741935484,3,28-3
8,.se em i Intanet kod bilong kantri [[Suwidan]].,se em i Intanet kod bilong kantri Suwidan,8,28,48.89717741935484,3,28-3
9," em i wanpela taun long Segovia provins, [[Spen]].",em i wanpela taun long Segovia provins Spen,8,28,48.89717741935484,4,28-4
10,Ofisel tokples bilong Ho Chi Minh City emi [[Tok Vietnam]].,Ofisel tokples bilong Ho Chi Minh City emi Tok_Vietnam,9,28,48.89717741935484,5,28-5
11,"[[Panguna]], Wakunai, na Koromira stap klostu long Arawa.",Panguna Wakunai na Koromira stap klostu long Arawa,8,28,48.89717741935484,5,28-5
12,Klostu long Asaroka Seket stesin Asaroka [[Luteran]] Haisklu istap.,Klostu long Asaroka Seket stesin Asaroka Luteran Haisklu istap,9,28,48.89717741935484,5,28-5
13,.is em i Intanet kod bilong kantri [[Aislan]].,is em i Intanet kod bilong kantri Aislan,8,28,48.89717741935484,3,28-3
14,Saut Ailan em i wanpela bikpela ailan bilong sauten [[Niu Silan]].,Saut Ailan em i wanpela bikpela ailan bilong sauten Niu_Silan,10,28,48.89717741935484,4,28-4
15,Plak bilong Tokelau i mak olsem ofisel plak bilong hap-kantri long [[2008]].,Plak bilong Tokelau i mak olsem ofisel plak bilong hapkantri long,11,28,48.89717741935484,2,28-2
16,Wanpela [[yia]] i gat 52 wik na wanpela o tupela de.,Wanpela yia i gat wik na wanpela o tupela de,10,28,48.89717741935484,4,28-4
17,Brasil em i wanpela [[kantri]] long [[Saut Amerika]].,Brasil em i wanpela kantri long Saut Amerika,8,28,48.89717741935484,1,28-1
0,George em i pikinini bilong [[George H. W. Bush]] na Barbara Bush.,George em i pikinini bilong George_H_W_Bush na Barbara Bush,9,28,48.89717741935484,5,28-5
0,[[Mendi]] em i [[kapitol]] na taun bikpela tumas bilong em.,Mendi em i kapitol na taun bikpela tumas bilong em,10,8,48.514689265536724,4,8-4
1,Tok Frens i tokples bilong planti [[kantri]] long graun.,Tok Frens i tokples bilong planti kantri long graun,9,8,48.514689265536724,4,8-4
43,Eksempel namba tripela: [[Ol]] saientis tingting bifo i gat mangi (monkeys).,Eksempel namba tripela Ol saientis tingting bifo i gat mangi,10,8,48.514689265536724,3,8-3
31,Nau samting olsem 7000 milien manmeri i stap long [[wol]].,Nau samting olsem milien manmeri i stap long wol,9,8,48.514689265536724,3,8-3
32,Niu Kaledonia em i wanpela [[ailan]] long Franis.,Niu Kaledonia em i wanpela ailan long Franis,8,8,48.514689265536724,5,8-5
33,"Tok Abau emi wanpela tok ples bilong [[Papua Niugini]], long [[Sandaun]] provins.",Tok Abau emi wanpela tok ples bilong Papua_Niugini long Sandaun provins,11,8,48.514689265536724,7,8-7
34,Taum bikpela tumas bilong em i taun bilong [[Kerema]].,Taum bikpela tumas bilong em i taun bilong Kerema,9,8,48.514689265536724,4,8-4
35,Plak bilong [[Tuvalu]] i mak olsem ofisel plak bilong kantri long [[1976]].,Plak bilong Tuvalu i mak olsem ofisel plak bilong kantri long,11,8,48.514689265536724,4,8-4
36,Guari i wanpela lokol gavman eria long [[Sentral Provins]].,Guari i wanpela lokol gavman eria long Sentral_Provins,8,8,48.514689265536724,1,8-1
37,"Nem bilong rijen na[[kantri]] o teritori, wantaim plak !",Nem bilong rijen nakantri o teritori wantaim plak,8,8,48.514689265536724,4,8-4
38,Lingwistikis i save i lukluk long [[tokples]] long manmeri.,Lingwistikis i save i lukluk long tokples long manmeri,9,8,48.514689265536724,3,8-3
39,Yia 1940 (MCMXLVI) i stat long [[Mande]] long kalenda bilong Gregori.,Yia i stat long Mande long kalenda bilong Gregori,9,8,48.514689265536724,6,8-6
40,"Gavman i mekim administresen, [[lo]], na olgeta polisi bilong em.",Gavman i mekim administresen lo na olgeta polisi bilong em,10,8,48.514689265536724,4,8-4
41,.cy em i Intanet kod bilong kantri [[Saipras]].,cy em i Intanet kod bilong kantri Saipras,8,8,48.514689265536724,0,8-0
42,Binumarien em i wanpela tok ples bilong [[Papua Niugini]].,Binumarien em i wanpela tok ples bilong Papua_Niugini,8,8,48.514689265536724,7,8-7
44,.kp em i Intanet kod bilong kantri [[Not Koria]].,kp em i Intanet kod bilong kantri Not_Koria,8,8,48.514689265536724,0,8-0
59,Niugini em i wanpela [[ailan]] i stap namel long Pasifik.,Niugini em i wanpela ailan i stap namel long Pasifik,10,8,48.514689265536724,5,8-5
45,[[Kapitol]] na bikpela taun bilong kantri emi [[Berlin]].,Kapitol na bikpela taun bilong kantri emi Berlin,8,8,48.514689265536724,4,8-4
46,Cingagoler merupakan sebuah kampung yang tidak jauh dari [[jalan raya]].,Cingagoler merupakan sebuah kampung yang tidak jauh dari jalan_raya,9,8,48.514689265536724,8,8-8
47,Aroma i wanpela lokol gavman eria long [[Sentral Provins]].,Aroma i wanpela lokol gavman eria long Sentral_Provins,8,8,48.514689265536724,1,8-1
49,Szeged em i wanpela siti bilong Kaunti Csongrád-Csanád long [[Hangari]].,Szeged em i wanpela siti bilong Kaunti CsongrádCsanád long Hangari,10,8,48.514689265536724,5,8-5
50,.ba em i Intanet kod bilong kantri [[Bosnia na Hesegovina]].,ba em i Intanet kod bilong kantri Bosnia_na_Hesegovina,8,8,48.514689265536724,0,8-0
51,Kaunti Donegal i wanpela [[kaunti]] long [[Ripablik bilong Aialan]].,Kaunti Donegal i wanpela kaunti long Ripablik bilong Aialan,9,8,48.514689265536724,5,8-5
52,Vancouver em i stap long nambawan siti long [[Kanada]].,Vancouver em i stap long nambawan siti long Kanada,9,8,48.514689265536724,3,8-3
53,.bh em i Intanet kod bilong kantri [[Bahrain]].,bh em i Intanet kod bilong kantri Bahrain,8,8,48.514689265536724,0,8-0
54,Isten Hailans em i wanpela provins long [[Papua Niugini]].,Isten Hailans em i wanpela provins long Papua_Niugini,8,8,48.514689265536724,5,8-5
55,Ajentina em i wanpela [[kantri]] long [[Saut Amerika]].,Ajentina em i wanpela kantri long Saut Amerika,8,8,48.514689265536724,2,8-2
56,[[Meditesen]] em i bikpela samting long lotu budisim.,Meditesen em i bikpela samting long lotu budisim,8,8,48.514689265536724,4,8-4
57,Ekolosi em i saians bilong [[Environmen]] na [[biodaivesiti]].,Ekolosi em i saians bilong Environmen na biodaivesiti,8,8,48.514689265536724,4,8-4
30,Long lo sistem bilong [[Malesia]] as 'common law'.,Long lo sistem bilong Malesia as common law,8,8,48.514689265536724,4,8-4
29,Olgeta buk bilong Olpela Testamen i bin raitim pinis bipo [[Jisas]].,Olgeta buk bilong Olpela Testamen i bin raitim pinis bipo Jisas,11,8,48.514689265536724,4,8-4
28,"Kinsale i wanpela ples klostu long solwara long [[Kaunti Cork]], long [[Aialan]].",Kinsale i wanpela ples klostu long solwara long Kaunti_Cork long Aialan,11,8,48.514689265536724,5,8-5
27,.uk em i Intanet kod bilong kantri [[Yunaitet Kingdom]].,uk em i Intanet kod bilong kantri Yunaitet_Kingdom,8,8,48.514689265536724,0,8-0
2,"Dispela fopela bikpela ailan i: [[Hokkaido]], [[Honshu]], [[Shikoku]], na [[Kyushu]].",Dispela fopela bikpela ailan i Hokkaido Honshu Shikoku na Kyushu,10,8,48.514689265536724,5,8-5
3,Yia 1946 (MCMXLVI) i stat long [[Tunde]] long kalenda bilong Gregori.,Yia i stat long Tunde long kalenda bilong Gregori,9,8,48.514689265536724,6,8-6
4,Meditesen i kam long [[India]] long taim bipo tru.,Meditesen i kam long India long taim bipo tru,9,8,48.514689265536724,3,8-3
5,"Mama i karim em long [[Novemba]] 27, yia 1987 long Tashkent.",Mama i karim em long Novemba yia long Tashkent,9,8,48.514689265536724,3,8-3
6,Agnetha Åse Fältskog (5 Epril 1950-) i bin stap [[Suwidan]] musiker.,Agnetha Åse Fältskog i bin stap Suwidan musiker,8,8,48.514689265536724,3,8-3
7,"Estépar emi wanpela taun long Burgos provins, Castile na León, [[Spen]].",Estépar emi wanpela taun long Burgos provins Castile na León Spen,11,8,48.514689265536724,5,8-5
8,"Em i stap arere long kantri [[Latvia]], [[Pinlan]], na [[Rasia]].",Em i stap arere long kantri Latvia Pinlan na Rasia,10,8,48.514689265536724,4,8-4
9,Planti ol opis bilong [[gavman]] na Palamen istap long Waigani.,Planti ol opis bilong gavman na Palamen istap long Waigani,10,8,48.514689265536724,4,8-4
10,"Siaman(i) oa Je(r)man(i) (, ) emi wanpela [[kantri]] long [[Yurop]].",Siaman oa Jeman emi wanpela kantri long Yurop,8,8,48.514689265536724,2,8-2
11,.sg em i Intanet kod bilong kantri [[Singapore]].,sg em i Intanet kod bilong kantri Singapore,8,8,48.514689265536724,0,8-0
12,.vn em i Intanet kod bilong kantri [[Vietnam]].,vn em i Intanet kod bilong kantri Vietnam,8,8,48.514689265536724,0,8-0
13,.qa em i Intanet kod bilong kantri [[Qatar]].,qa em i Intanet kod bilong kantri Qatar,8,8,48.514689265536724,0,8-0
14,United Arab Emirates em i wanpela [[kantri]] long [[Esia]].,United Arab Emirates em i wanpela kantri long Esia,9,8,48.514689265536724,2,8-2
15,Palermo em i wanpela taun long Sisili long kantri [[Itali]].,Palermo em i wanpela taun long Sisili long kantri Itali,10,8,48.514689265536724,5,8-5
16,Eksempel: sompela i no bilip man i go long [[mun]] pinis.,Eksempel sompela i no bilip man i go long mun pinis,11,8,48.514689265536724,3,8-3
17,.co em i Intanet kod bilong kantri [[Kolambia]].,co em i Intanet kod bilong kantri Kolambia,8,8,48.514689265536724,0,8-0
18,"Ol tokples i gat [[famili bilong tokples]], o lain long em.",Ol tokples i gat famili_bilong_tokples o lain long em,9,8,48.514689265536724,4,8-4
19,Mekeo i wanpela lokol gavman eria long [[Sentral Provins]].,Mekeo i wanpela lokol gavman eria long Sentral_Provins,8,8,48.514689265536724,1,8-1
20,Mama i karim em long Disemba 24 bilong yia [[1961]].,Mama i karim em long Disemba bilong yia,8,8,48.514689265536724,3,8-3
21,Bolivia em i wanpela [[kantri]] long [[Saut Amerika]].,Bolivia em i wanpela kantri long Saut Amerika,8,8,48.514689265536724,2,8-2
22,"Ret, retpela  [[Yelo]], yelopela  Blu, blupela  Grin, grinpela  Blak, blakpela",Ret retpela Yelo yelopela Blu blupela Grin grinpela Blak blakpela,10,8,48.514689265536724,5,8-5
23,Mama i karim em long [[USA]] long 15 oktoba 1953.,Mama i karim em long USA long oktoba,8,8,48.514689265536724,3,8-3
24,.sa em i Intanet kod bilong kantri [[Saudi Arabia]].,sa em i Intanet kod bilong kantri Saudi_Arabia,8,8,48.514689265536724,0,8-0
25,Mama i karim em long Septemba 29 bilong yia [[1961]].,Mama i karim em long Septemba bilong yia,8,8,48.514689265536724,3,8-3
26,Februeri i [[mun]] namba tu bilong [[yia]] long Kalendar Pop Gregori.,Februeri i mun namba tu bilong yia long Kalendar Pop Gregori,11,8,48.514689265536724,4,8-4
58,[[Kavieng]] em i [[kapitol]] na nambawan taun bilong em.,Kavieng em i kapitol na nambawan taun bilong em,9,8,48.514689265536724,4,8-4
48,Em dai pinis long [[Papua Niugini]] long hatpen (heart attack) long 6 julai 2017.,Em dai pinis long Papua_Niugini long hatpen long julai,9,8,48.514689265536724,7,8-7
0,.dk em i Intanet kod bilong kantri [[Denmak]].,dk em i Intanet kod bilong kantri Denmak,8,22,48.47222222222222,0,22-0
2,"Tok Koria (Tok Koria: ""한국어, 韓國語, Hangugeo"") em i tokples bilong kantri [[Koria]].",Tok Koria em i tokples bilong kantri Koria,8,22,48.47222222222222,0,22-0
8,.sn em i Intanet kod bilong kantri [[Senegal]].,sn em i Intanet kod bilong kantri Senegal,8,22,48.47222222222222,0,22-0
7,Olsem 15000 manmeri i save bihainim dispela lotu long [[Papua Niugini]].,Olsem manmeri i save bihainim dispela lotu long Papua_Niugini,9,22,48.47222222222222,3,22-3
6,Nau yumi save long dispela taun long nem [[Kokopo]].,Nau yumi save long dispela taun long nem Kokopo,9,22,48.47222222222222,3,22-3
5,Julai i [[mun]] namba seven bilong [[yia]] long Kalenda Pop Gregori.,Julai i mun namba seven bilong yia long Kalenda Pop Gregori,11,22,48.47222222222222,2,22-2
3,"[[Inglan]], [[Skotlan]], Wels na Noten Ailan wantaim i mekim [[Yunaitet Kingdom]].",Inglan Skotlan Wels na Noten Ailan wantaim i mekim Yunaitet Kingdom,11,22,48.47222222222222,1,22-1
4,.ve em i Intanet kod bilong kantri [[Venesuwela]].,ve em i Intanet kod bilong kantri Venesuwela,8,22,48.47222222222222,0,22-0
1,[[Kapitol]] na bikpela taun tumas bilong em i [[Kerema]].,Kapitol na bikpela taun tumas bilong em i Kerema,9,22,48.47222222222222,3,22-3
13,Solomon Ailans Pijin stap wanpela pijin tok toktok bilong [[Solomon Ailans]].,Solomon Ailans Pijin stap wanpela pijin tok toktok bilong Solomon_Ailans,10,31,48.3,3,31-3
14,Göttingen em i taun bilong [[kantri]] [[Siamani]] long [[Yurop]].,Göttingen em i taun bilong kantri Siamani long Yurop,9,31,48.3,2,31-2
12,"Mama i karim em long [[Septemba]] 18, yia 1971 long Krasnodar.",Mama i karim em long Septemba yia long Krasnodar,9,31,48.3,1,31-1
11,"Brunai, (tu nem bilong Brunei), em i wanpela kantri stap long Sout-Es [[Esia]].",Brunai em i wanpela kantri stap long SoutEs Esia,9,31,48.3,1,31-1
10,.pl em i Intanet kod bilong kantri [[Polan]].,pl em i Intanet kod bilong kantri Polan,8,31,48.3,2,31-2
3,Long [[Tailan]] na Saina ol i helpim tit i gat pen.,Long Tailan na Saina ol i helpim tit i gat pen,11,31,48.3,1,31-1
2,[[Popondetta]] em i [[kapitol]] na taun bikpela tumas bilong em.,Popondetta em i kapitol na taun bikpela tumas bilong em,10,31,48.3,4,31-4
1,.新加坡 em i Intanet kod bilong kantri [[Singapore]].,新加坡 em i Intanet kod bilong kantri Singapore,8,31,48.3,2,31-2
0,Liklik hap i kam long ol tokples bilong [[Papua Niugini]] na Germany.,Liklik hap i kam long ol tokples bilong Papua_Niugini na Germany,11,31,48.3,0,31-0
9,Republic of Macedonia em i wanpela [[kantri]] long [[Yurop]].,Republic of Macedonia em i wanpela kantri long Yurop,9,31,48.3,1,31-1
15,Andorra la Vella em i kapitol bilong [[Andora]].,Andorra la Vella em i kapitol bilong Andora,8,31,48.3,4,31-4
8,36 milion manmeri i stap long Tokio na [[Yokohama]].,milion manmeri i stap long Tokio na Yokohama,8,31,48.3,1,31-1
7,Wasington DC () em i [[kapitol]] bilong kantri Yunaitet Stet.,Wasington DC em i kapitol bilong kantri Yunaitet Stet,9,31,48.3,4,31-4
6,Quảng Bình em i wanpela provins i stap long [[Vietnam]].,Quảng Bình em i wanpela provins i stap long Vietnam,10,31,48.3,1,31-1
5,"Dispela mun i gat 28 [[de]], o 29 de long lip yia.",Dispela mun i gat de o de long lip yia,10,31,48.3,1,31-1
4,"Long yia [[2000]] 254,158 manmeri i bin stap long Mosbi.",Long yia manmeri i bin stap long Mosbi,8,31,48.3,1,31-1
4,Olaf Stapledon i bin stap man bilong [[pilosopi]].,Olaf Stapledon i bin stap man bilong pilosopi,8,21,48.214285714285715,0,21-0
2," em i wanpela taun long Castellón provins, [[Spen]].",em i wanpela taun long Castellón provins Spen,8,21,48.214285714285715,2,21-2
3,[[Madrid]] em i [[kapitol]] na nambawan bikpela taun bilong Spen.,Madrid em i kapitol na nambawan bikpela taun bilong Spen,10,21,48.214285714285715,0,21-0
5,Kaunti Cork i wanpela [[kaunti]] long [[Ripablik bilong Aialan]].,Kaunti Cork i wanpela kaunti long Ripablik bilong Aialan,9,21,48.214285714285715,2,21-2
1,Long [[1988]] Rabbie Namliu rausim Somare olsem lidaman bilong pati.,Long Rabbie Namliu rausim Somare olsem lidaman bilong pati,9,21,48.214285714285715,0,21-0
0,Indonesia em i wanpela [[kantri]] i stap long [[Esia]].,Indonesia em i wanpela kantri i stap long Esia,9,21,48.214285714285715,2,21-2
7,Rasia (; ) em i wanpela [[kantri]] long [[Yurop]] na [[Esia]].,Rasia em i wanpela kantri long Yurop na Esia,9,21,48.214285714285715,2,21-2
6,"Em i long saut long [[Kuala Lumpur]], long kapitol bilong Malesia.",Em i long saut long Kuala_Lumpur long kapitol bilong Malesia,10,21,48.214285714285715,1,21-1
13,Bogotá i [[kapitol]] na moa tru bikpela biktaun bilong [[Kolambia]].,Bogotá i kapitol na moa tru bikpela biktaun bilong Kolambia,10,19,47.96376811594203,1,19-1
15,"Long wes, [[Palawan]] i gat planti liklik ailans blong [[Kalayaan.",Long wes Palawan i gat planti liklik ailans blong Kalayaan,10,19,47.96376811594203,2,19-2
23,.sl em i Intanet kod bilong kantri [[Sierra Leone]].,sl em i Intanet kod bilong kantri Sierra_Leone,8,19,47.96376811594203,3,19-3
22,Kapitol na taun bikpela tumas bilong em i [[Vanimo]].,Kapitol na taun bikpela tumas bilong em i Vanimo,9,19,47.96376811594203,2,19-2
21,"Long [[1924]], em i kamap long [[Mosko]] gen, wokim planti projek.",Long em i kamap long Mosko gen wokim planti projek,10,19,47.96376811594203,2,19-2
20,Jeff Bleich em i embeseda bilong [[Ol Yunaitet Stet]] long [[Ostrelia]].,Jeff Bleich em i embeseda bilong Ol_Yunaitet_Stet long Ostrelia,9,19,47.96376811594203,2,19-2
19,"Bikpela ston i tantanim San, olsem Graun, ol i kolim [[planet]].",Bikpela ston i tantanim San olsem Graun ol i kolim planet,11,19,47.96376811594203,2,19-2
18,Michael Somare i bin praim minista bilong [[Papua Niugini]].,Michael Somare i bin praim minista bilong Papua_Niugini,8,19,47.96376811594203,2,19-2
12,"Wanpela Sentral Kos stap wanpela biktaun bilong [[Niu Saut Wels]], [[Ostrelia]].",Wanpela Sentral Kos stap wanpela biktaun bilong Niu_Saut_Wels Ostrelia,9,19,47.96376811594203,2,19-2
17,"Ol i as bilong [[budisim]], o lotu bilong ol Buda.",Ol i as bilong budisim o lotu bilong ol Buda,10,19,47.96376811594203,2,19-2
16,"Fernando Alonso, mama i karim 29 Julai [[1981]] is Formula 1 draiva bilong [[Spen]].",Fernando Alonso mama i karim Julai is Formula draiva bilong Spen,11,19,47.96376811594203,2,19-2
4,Sol () emi [[kapitol]] na nambawan siti bilong Saut Korea.,Sol emi kapitol na nambawan siti bilong Saut Korea,9,19,47.96376811594203,2,19-2
0,Jun i [[mun]] namba faiv bilong [[yia]] long Kalenda Pop Gregori.,Jun i mun namba faiv bilong yia long Kalenda Pop Gregori,11,19,47.96376811594203,0,19-0
9,[[Kapitol]] na bikpela taun bilong Indonesia em i Jakarta.,Kapitol na bikpela taun bilong Indonesia em i Jakarta,9,19,47.96376811594203,1,19-1
5,Nabaut 10% long pipol blong [[Solomon Ailans]] i gat blonde (hapwait) gras blong het.,Nabaut long pipol blong Solomon_Ailans i gat blonde gras blong het,11,19,47.96376811594203,2,19-2
6,"Georg Wilhelm Friedrich Hegel (Ogas 27, 1770–Novemba 14, [[1831]]) i man bilong [[pilosopi]] bilong kantri [[Siamani]].",Georg Wilhelm Friedrich Hegel i man bilong pilosopi bilong kantri Siamani,11,19,47.96376811594203,3,19-3
14,Makó em i wanpela siti long ol [[Hangari]].,Makó em i wanpela siti long ol Hangari,8,19,47.96376811594203,2,19-2
8,Asples bilong gavan emi [[Welingtan]] tasol [[Oklan]] i moa bikpela taun.,Asples bilong gavan emi Welingtan tasol Oklan i moa bikpela taun,11,19,47.96376811594203,1,19-1
7," emi wanpela taun long Quang Binh provins, Bac Trung Bo, [[Vietnam]].",emi wanpela taun long Quang Binh provins Bac Trung Bo Vietnam,11,19,47.96376811594203,2,19-2
10,"[[Larry]] Orsak (1953-2017) saientis bilong [[Amerika]], speselist bilong bataplai.",Larry Orsak saientis bilong Amerika speselist bilong bataplai,8,19,47.96376811594203,2,19-2
11,Mas i [[mun]] numba tri bilong [[yia]] long Kalenda Pop Gregori.,Mas i mun numba tri bilong yia long Kalenda Pop Gregori,11,19,47.96376811594203,0,19-0
3,Reykjavik i [[kapitol]] na bikpela taun tumas bilong [[Aislan]].,Reykjavik i kapitol na bikpela taun tumas bilong Aislan,9,19,47.96376811594203,1,19-1
2,Sentrel Amerika em i wanpela hap long kontinen [[Amerika]].,Sentrel Amerika em i wanpela hap long kontinen Amerika,9,19,47.96376811594203,2,19-2
1,.nc em i Intanet kod bilong kantri [[Niu Kaledonia]].,nc em i Intanet kod bilong kantri Niu_Kaledonia,8,19,47.96376811594203,3,19-3
10,Republik long Aialan i kisim independens long yia [[1919]].,Republik long Aialan i kisim independens long yia,8,20,47.666666666666664,3,20-3
14,.nr em i Intanet kod bilong kantri [[Nauru]].,nr em i Intanet kod bilong kantri Nauru,8,20,47.666666666666664,5,20-5
13,"Egsempel : sikau, kapul, nil kapul, [[slip kapul]], [[bulmakau]], man, [[bea]] (bear), etc.",Egsempel sikau kapul nil kapul slip_kapul bulmakau man bea etc,10,20,47.666666666666664,4,20-4
12,"Pot Mosbi o Mosbi (""Port Moresby"" long Tok Inglis) em i wanpela taun long [[Papua Niugini]].",Pot Mosbi o Mosbi em i wanpela taun long Papua_Niugini,10,20,47.666666666666664,2,20-2
11,Wes Niu Briten em i wanpela provins long [[Papua Niugini]].,Wes Niu Briten em i wanpela provins long Papua_Niugini,9,20,47.666666666666664,2,20-2
8,Long noten sait em i gat kantri [[Not Koria]].,Long noten sait em i gat kantri Not_Koria,8,20,47.666666666666664,3,20-3
9,.lb em i Intanet kod bilong kantri [[Lebanon]].,lb em i Intanet kod bilong kantri Lebanon,8,20,47.666666666666664,5,20-5
15,[[Lae]] em i [[kapitol]] na taun bikpela tumas bilong em.,Lae em i kapitol na taun bikpela tumas bilong em,10,20,47.666666666666664,3,20-3
7,[[Goroka]] em i [[kapitol]] na bikpela taun bilong em.,Goroka em i kapitol na bikpela taun bilong em,9,20,47.666666666666664,3,20-3
6,Tok Pisin em i wanpela tokples bilong [[Papua Niugini]].,Tok Pisin em i wanpela tokples bilong Papua_Niugini,8,20,47.666666666666664,2,20-2
5,"Narapla nem: ""”The [[Philippines]]' Last Frontier.”"" Olgeta hap graun.",Narapla nem ” The Philippines Last Frontier ” Olgeta hap graun,11,20,47.666666666666664,1,20-1
4,.il em i Intanet kod bilong kantri [[Israel]].,il em i Intanet kod bilong kantri Israel,8,20,47.666666666666664,5,20-5
2,"Šiprage – (Шипраге) em i [[Bosnia na Hesegovina]], kantri bilong Sauten Yurop.",Šiprage em i Bosnia_na_Hesegovina kantri bilong Sauten Yurop,8,20,47.666666666666664,0,20-0
1,"Pop i gat nau, nem bilongen i [[Benedict XVI]], o Benedik namba 16.",Pop i gat nau nem bilongen i Benedict_XVI o Benedik namba,11,20,47.666666666666664,3,20-3
0,Albenia () em i wanpela kantri bilong Sauten [[Yurop]].,Albenia em i wanpela kantri bilong Sauten Yurop,8,20,47.666666666666664,0,20-0
3,"Kantri we i klostu long em i [[Siamani]], [[Nowe]] na Swidan.",Kantri we i klostu long em i Siamani Nowe na Swidan,11,20,47.666666666666664,3,20-3
3,"Immanuel Kant (Epril 22, 1724–Februeri 12, 1804) i bin man bilong pilosopi bilong Königsberg (nau Kaliningrad long [[Rasia]]).",Immanuel Kant i bin man bilong pilosopi bilong Königsberg,9,13,46.9,0,13-0
4,Nem bilong sampela [[Mun]] i kam long stori Shakespeare raitim.,Nem bilong sampela Mun i kam long stori Shakespeare raitim,10,13,46.9,1,13-1
2,Em i kamap tisa long [[1918]] na em i statim lainim saikolosi.,Em i kamap tisa long na em i statim lainim saikolosi,11,13,46.9,0,13-0
1,[[Man]] i inap painim plenti ston em i pe antap tru.,Man i inap painim plenti ston em i pe antap tru,11,13,46.9,0,13-0
0,Em i bin stadim [[pilosopi]] na Tok Inglis.,Em i bin stadim pilosopi na Tok Inglis,8,13,46.9,0,13-0
3,Igat tok long namba bilong ol kontinen long [[wol]].,Igat tok long namba bilong ol kontinen long wol,9,11,46.86666666666667,1,11-1
2,[[Mun]] istap nem bilong ol liklik ston i go nabaut planet.,Mun istap nem bilong ol liklik ston i go nabaut planet,11,11,46.86666666666667,1,11-1
0,"Nem pilosopi ikam long [[Tok Gris]] ""Φιλοσοφία"" (pilosopia), i min ""laikim save"".",Nem pilosopi ikam long Tok_Gris Φιλοσοφία i min laikim save,10,11,46.86666666666667,1,11-1
4,"""[[Tour Eiffel]]"" ""[[Paris]]"" ""[[Paris]]"" ""[[Paris]]"" ""[[Paris]]"" ""[[Paris]]"" ""[[cathédrale Notre Dame]]""",Tour_Eiffel Paris Paris Paris Paris Paris cathédrale Notre Dame,9,11,46.86666666666667,0,11-0
5,Enga em i wanpela provins i stap long hailans bilong [[Papua Niugini]].,Enga em i wanpela provins i stap long hailans bilong Papua_Niugini,11,11,46.86666666666667,1,11-1
6,Plak bilong [[Niu Silan]] i mak olsem ofisel plak bilong kantri.,Plak bilong Niu_Silan i mak olsem ofisel plak bilong kantri,10,11,46.86666666666667,1,11-1
7,.tv em i Intanet kod bilong kantri [[Tuvalu]].,tv em i Intanet kod bilong kantri Tuvalu,8,11,46.86666666666667,1,11-1
8,Republik bilong Irak i wanpela kantri bilong [[Esia]].,Republik bilong Irak i wanpela kantri bilong Esia,8,11,46.86666666666667,1,11-1
9,"Abajas emi wanpela taun long Burgos provins, Castile na León, [[Spen]].",Abajas emi wanpela taun long Burgos provins Castile na León Spen,11,11,46.86666666666667,2,11-2
1,Em i gat 13 leta long alfabet bilong [[tok]] [[Hawai]].,Em i gat leta long alfabet bilong tok Hawai,9,11,46.86666666666667,1,11-1
3,Barraba i viles long Niu Inglan rijon long [[Niu Saut Wels]] long [[Ostrelia]].,Barraba i viles long Niu Inglan rijon long Niu_Saut_Wels long Ostrelia,11,32,46.833333333333336,1,32-1
2,"Monzón emi wanpela taun long Huesca provins, Aragón, [[Spen]].",Monzón emi wanpela taun long Huesca provins Aragón Spen,9,32,46.833333333333336,0,32-0
1,[[Maun Hagen]] em i [[kapitol]] na taun bikpela tumas bilong em.,Maun_Hagen em i kapitol na taun bikpela tumas bilong em,10,32,46.833333333333336,0,32-0
0,Paraguwai em i wanpela [[kantri]] long [[Saut Amerika]].,Paraguwai em i wanpela kantri long Saut Amerika,8,32,46.833333333333336,0,32-0
10,"Dr. Bhimrao Ramji Ambedkar, i man bilong kantri [[India]].",Dr Bhimrao Ramji Ambedkar i man bilong kantri India,9,0,46.604395604395606,1,0-1
9,.mx em i Intanet kod bilong kantri [[Meksiko]].,mx em i Intanet kod bilong kantri Meksiko,8,0,46.604395604395606,1,0-1
0,Em i bin king bilong ol Roma long [[44 yia i go bipo Jisas]].,Em i bin king bilong ol Roma long _yia_i_go_bipo_Jisas,9,0,46.604395604395606,0,0-0
13,"Wes Papua (""West Papua"" o ""West New Guinea"") em i Wes hap bilong ailan [[Niugini]].",Wes Papua em i Wes hap bilong ailan Niugini,9,0,46.604395604395606,0,0-0
12,Yia 7 (VII) i stat long [[Sarere]] long kalenda bilong Gregori.,Yia i stat long Sarere long kalenda bilong Gregori,9,0,46.604395604395606,0,0-0
1,Plak bilong [[Ostrelia]] i mak olsem ofisel plak bilong kantri.,Plak bilong Ostrelia i mak olsem ofisel plak bilong kantri,10,0,46.604395604395606,1,0-1
2,"Trajan, ([[Tok Latin]]: ""Imperator Caesar Nerva Traianus Divi Nervae filius Augustus"") i bin stap bikpela king bilong ol [[Rom]].",Trajan i bin stap bikpela king bilong ol Rom,9,0,46.604395604395606,0,0-0
3,"Dispela man i bin stat [[budisim]], o lotu bilong ol Buda.",Dispela man i bin stat budisim o lotu bilong ol Buda,11,0,46.604395604395606,0,0-0
4,Wewak em i [[kapitol]] na bikpela taun tumas bilong provins.,Wewak em i kapitol na bikpela taun tumas bilong provins,10,0,46.604395604395606,0,0-0
5,.hu em i Intanet kod bilong kantri [[Hangari]].,hu em i Intanet kod bilong kantri Hangari,8,0,46.604395604395606,1,0-1
11,Oli kolim dispela hap bilong Papua Niugini long dispela taim [[Siaman Niugini]].,Oli kolim dispela hap bilong Papua Niugini long dispela taim Siaman_Niugini,11,0,46.604395604395606,4,0-4
7,"Em i memba long Akademi bilong Krowesia long save na tumbuna (Tok Inglis: ""The Croatian Academy of Sciences and Arts"", [[Tok Krowesia]]: ""Hrvatska akademija znanosti i umjetnosti""; yia 2012).",Em i memba long Akademi bilong Krowesia long save na tumbuna,11,0,46.604395604395606,2,0-2
8,Wanpela Kapitol Teritori bilong Ostrelia stap wanpela stet bilong [[Ostrelia]].,Wanpela Kapitol Teritori bilong Ostrelia stap wanpela stet bilong Ostrelia,10,0,46.604395604395606,3,0-3
6,"David Robert Joseph Beckham, o Bekam, i man bilong [[Inglan]].",David Robert Joseph Beckham o Bekam i man bilong Inglan,10,0,46.604395604395606,0,0-0
8,.id em i Intanet kod bilong kantri [[Indonisia]].,id em i Intanet kod bilong kantri Indonisia,8,2,46.53333333333333,1,2-1
9,Hiri i wanpela lokol gavman eria long [[Sentral Provins]].,Hiri i wanpela lokol gavman eria long Sentral_Provins,8,2,46.53333333333333,2,2-2
1,"48 stet i stap wantaim, namel long kantri [[Kanada]] na kantri [[Meksiko]].",stet i stap wantaim namel long kantri Kanada na kantri Meksiko,11,2,46.53333333333333,0,2-0
2,Em i gat tupela ofisel tokples: [[Tok Aialan]] na Tok Inglis.,Em i gat tupela ofisel tokples Tok_Aialan na Tok Inglis,10,2,46.53333333333333,1,2-1
3,"Matanza emi wanpela taun long León provins, Castile na León, [[Spen]].",Matanza emi wanpela taun long León provins Castile na León Spen,11,2,46.53333333333333,2,2-2
4,"Nem Fraide i [[kam]] long Tok Inglis ""Friday"".",Nem Fraide i kam long Tok Inglis Friday,8,2,46.53333333333333,1,2-1
5,Em i stat long [[Fonde]] long kalenda bilong Gregori.,Em i stat long Fonde long kalenda bilong Gregori,9,2,46.53333333333333,1,2-1
6," em i wanpela taun long Valencia provins, [[Spen]].",em i wanpela taun long Valencia provins Spen,8,2,46.53333333333333,2,2-2
0,"Nem Lajik ikam long [[Tok Gris]] ""λόγος"" (""logos""), imin tok.",Nem Lajik ikam long Tok_Gris λόγος imin tok,8,2,46.53333333333333,1,2-1
7,Oli feill long pasim ol [[Fiji]] nes i mekim stopwok.,Oli feill long pasim ol Fiji nes i mekim stopwok,10,2,46.53333333333333,1,2-1
4,.rs em i Intanet kod bilong kantri [[Sebia]].,rs em i Intanet kod bilong kantri Sebia,8,3,46.28888888888889,0,3-0
0,"Yumi, Yumi, Yumi em i nasenel singsing bilong [[Vanuatu]].",Yumi Yumi Yumi em i nasenel singsing bilong Vanuatu,9,3,46.28888888888889,0,3-0
1,"Sapos i pait yu hat, yu krai [[aut]].",Sapos i pait yu hat yu krai aut,8,3,46.28888888888889,0,3-0
2,Gulf i gat tupela distrik bilong em: [[Kerema Distrik]] na Kikori Distrik.,Gulf i gat tupela distrik bilong em Kerema_Distrik na Kikori Distrik,11,3,46.28888888888889,0,3-0
6," emi wanpela taun long León provins, Castile na León, [[Spen]].",emi wanpela taun long León provins Castile na León Spen,10,3,46.28888888888889,0,3-0
5,"Montreal ([[Frens]]: ""Montréal"") em i stap long nambawan siti long [[Kanada]].",Montreal em i stap long nambawan siti long Kanada,9,3,46.28888888888889,0,3-0
7,Gavman sistem bilong [[Malesia]] wankain Westminster parlimen sistem.,Gavman sistem bilong Malesia wankain Westminster parlimen sistem,8,3,46.28888888888889,0,3-0
8,Dublin em i kapitol na taun bikpela tumas bilong [[Ripablik bilong Aialan]].,Dublin em i kapitol na taun bikpela tumas bilong Ripablik_bilong_Aialan,10,3,46.28888888888889,1,3-1
9,"Long sauten sait, em i gat arere waintaim [[Saudi Arabia]] na [[Kuwait]].",Long sauten sait em i gat arere waintaim Saudi_Arabia na Kuwait,11,3,46.28888888888889,0,3-0
3,Long yia [[1940]] i bin lusim Siamani na i go long [[Amerika]].,Long yia i bin lusim Siamani na i go long Amerika,11,3,46.28888888888889,0,3-0
0,"[[Sidarta]], o [[Buda]], em i kirapim budisim long India 2500 yia bipo.",Sidarta o Buda em i kirapim budisim long India yia bipo,11,5,45.666666666666664,0,5-0
1,Hiri Motu em i wanpela tokples long [[Papua Niugini]].,Hiri Motu em i wanpela tokples long Papua_Niugini,8,5,45.666666666666664,0,5-0
2,"Plak bilong [[Siaman Niugini]] i blakpela, waitpela na retpela pinis.",Plak bilong Siaman_Niugini i blakpela waitpela na retpela pinis,9,5,45.666666666666664,1,5-1
3,Kapitol na lajes siti bilong Vietnam emi [[Ho Chi Minh City]].,Kapitol na lajes siti bilong Vietnam emi Ho_Chi_Minh_City,8,5,45.666666666666664,0,5-0
5,"Ho Chi Minh City, Saigon (vi:""Thành phố Hồ Chí Minh"", ""Sài Gòn"") em i lajes citi bilong [[Vietnam]].",Ho Chi Minh City Saigon em i lajes citi bilong Vietnam,11,24,45.30769230769231,0,24-0
4,[[Kundiawa]] em i [[kapitol]] na taun bikpela tumas bilong em.,Kundiawa em i kapitol na taun bikpela tumas bilong em,10,24,45.30769230769231,0,24-0
12,"Lingua Franca (toktok i tokim long planti pipol, tasol nogat tokples blong gavman) i stap Pijin, wanem i stap klostu [[Tok Pisin]].",Lingua Franca i stap Pijin wanem i stap klostu Tok_Pisin,10,24,45.30769230769231,0,24-0
11,Long yia [[2005]] igat nambawan ileksen long gavman bilong Bogenvil yet.,Long yia igat nambawan ileksen long gavman bilong Bogenvil yet,10,24,45.30769230769231,0,24-0
10,.jo em i Intanet kod bilong kantri [[Jordan]].,jo em i Intanet kod bilong kantri Jordan,8,24,45.30769230769231,1,24-1
9,.台湾 em i Intanet kod bilong kantri [[Ripablik bilong Saina]].,台湾 em i Intanet kod bilong kantri Ripablik_bilong_Saina,8,24,45.30769230769231,1,24-1
8,Yurop em i wanpela bilong ol sevenpela [[kontinen]] bilong wol.,Yurop em i wanpela bilong ol sevenpela kontinen bilong wol,10,24,45.30769230769231,0,24-0
7,Koiari i wanpela lokol gavman eria long [[Sentral Provins]].,Koiari i wanpela lokol gavman eria long Sentral_Provins,8,24,45.30769230769231,0,24-0
3,"Niukasel (Tok Inglis: ""Newcastle"") stap biktaun bilong [[Niu Saut Wels]], [[Ostrelia]], saut [[Sidni]].",Niukasel stap biktaun bilong Niu_Saut_Wels Ostrelia saut Sidni,8,24,45.30769230769231,0,24-0
2,Manmeri bilong [[Buda]] ol i [[tok]] tu olsem:  [[Ol]] Faipela [[Lo]].,Manmeri bilong Buda ol i tok tu olsem Ol Faipela Lo,11,24,45.30769230769231,0,24-0
1,Em i namel we ol Amerika na [[Yurop]] i stap.,Em i namel we ol Amerika na Yurop i stap,10,24,45.30769230769231,0,24-0
6,Buna em i wanpela ples bilong [[Oro]] Provins long [[Papua Niugini]].,Buna em i wanpela ples bilong Oro Provins long Papua Niugini,11,24,45.30769230769231,0,24-0
0,.bo em i Intanet kod bilong kantri [[Bolivia]].,bo em i Intanet kod bilong kantri Bolivia,8,24,45.30769230769231,1,24-1
3,Gulf em i wanpela provins i stap long [[Papua Niugini]].,Gulf em i wanpela provins i stap long Papua_Niugini,9,27,45.142857142857146,0,27-0
5,Ol kriol tokples kamap taim tupela [[tokples]] i kontak wantaim.,Ol kriol tokples kamap taim tupela tokples i kontak wantaim,10,27,45.142857142857146,1,27-1
4,[[Man]] o meri bilong [[Buda]] i [[mas]] bihainim dispela faipela lo:,Man o meri bilong Buda i mas bihainim dispela faipela lo,11,27,45.142857142857146,1,27-1
6,.ir em i Intanet kod bilong kantri [[Iran]].,ir em i Intanet kod bilong kantri Iran,8,27,45.142857142857146,1,27-1
2,Epril i mun namba fo bilong [[yia]] (insait) long Kalendar Pop Gregori.,Epril i mun namba fo bilong yia long Kalendar Pop Gregori,11,27,45.142857142857146,1,27-1
1,Ekuwado em i wanpela [[kantri]] long [[Saut Amerika]].,Ekuwado em i wanpela kantri long Saut Amerika,8,27,45.142857142857146,0,27-0
0,Papua Niugini em i wanpela kantri long rijen [[Melanesia]] long Pasifik.,Papua Niugini em i wanpela kantri long rijen Melanesia long Pasifik,11,27,45.142857142857146,0,27-0
1,Planti ol lain [[tok]] ples Papua i gat grama olsem dispela.,Planti ol lain tok ples Papua i gat grama olsem dispela,11,1,45.07602339181287,2,1-2
2,"Long [[1951]], Lamington mauntain i paia na bagarapim Popondetta.",Long Lamington mauntain i paia na bagarapim Popondetta,8,1,45.07602339181287,0,1-0
3,"George H. W. Bush (Jun 12, [[1924]]) i presiden namba 41 bilong Yunaitet Stet.",George H W Bush i presiden namba bilong Yunaitet Stet,10,1,45.07602339181287,2,1-2
4,"Long [[1951]], em i paia na bagarapim tru Popondetta.",Long em i paia na bagarapim tru Popondetta,8,1,45.07602339181287,0,1-0
0,Atikel 4 Nogat manmeri [[mas]] stap na wok olsem slev.,Atikel Nogat manmeri mas stap na wok olsem slev,9,1,45.07602339181287,2,1-2
5,.kr em i Intanet kod bilong kantri [[Saut Koria]].,kr em i Intanet kod bilong kantri Saut_Koria,8,1,45.07602339181287,1,1-1
17,Mandela (Nelson Rolihlahla Mandela) i man bilong kantri ol i kolim [[Saut Aprika]].,Mandela i man bilong kantri ol i kolim Saut_Aprika,9,1,45.07602339181287,1,1-1
16,Niu Silan i wanpela kantri klostu long [[Ostrelia]].,Niu Silan i wanpela kantri klostu long Ostrelia,8,1,45.07602339181287,3,1-3
15,Em i pilai mitpilda long tim soka Real Madrid long [[Spen]].,Em i pilai mitpilda long tim soka Real Madrid long Spen,11,1,45.07602339181287,2,1-2
14,.lt em i Intanet kod bilong kantri [[Lituwenia]].,lt em i Intanet kod bilong kantri Lituwenia,8,1,45.07602339181287,1,1-1
13,Greenland em i [[ailan]] bikpela tumas long dispela graun.,Greenland em i ailan bikpela tumas long dispela graun,9,1,45.07602339181287,2,1-2
12,"[[Stockholm]] i mo bikpela taun, na [[kapitol]] bilong Suwidan.",Stockholm i mo bikpela taun na kapitol bilong Suwidan,9,1,45.07602339181287,2,1-2
18,Rigo Coastal i wanpela lokol gavman eria long [[Sentral Provins]].,Rigo Coastal i wanpela lokol gavman eria long Sentral_Provins,9,1,45.07602339181287,3,1-3
11,"Paramata stap wanpela pat bilong [[Sidni]], [[Niu Saut Wels]], [[Ostrelia]].",Paramata stap wanpela pat bilong Sidni Niu Saut Wels Ostrelia,10,1,45.07602339181287,3,1-3
10,[[Wol]] em i ples we olgeta man o meri i stap.,Wol em i ples we olgeta man o meri i stap,11,1,45.07602339181287,2,1-2
9,Is Niu Briten em i wanpela provins long [[Papua Niugini]].,Is Niu Briten em i wanpela provins long Papua_Niugini,9,1,45.07602339181287,3,1-3
8,[[Ating]] sampela stori i tru na sampela stori i no tru.,Ating sampela stori i tru na sampela stori i no tru,11,1,45.07602339181287,2,1-2
7,.in em i Intanet kod bilong kantri [[India]].,in em i Intanet kod bilong kantri India,8,1,45.07602339181287,1,1-1
6,"Klostu Tudak (Tok Inglis: ""Twilight"") em i piksa na [[buk]] wantaim vampaia.",Klostu Tudak em i piksa na buk wantaim vampaia,9,1,45.07602339181287,2,1-2
